CustomerID,Days_Since_Last_Purchase,Total_Transactions,Total_Products_Purchased,Total_Spend
12346,325,1,74215,77183.6
12347,39,5,223,494.65000000000003
12348,318,2,264,92.16
12349,18,1,46,101.69
12350,310,1,37,100.0
12352,36,6,27,732.3000000000001
12354,232,1,8,49.7
12356,245,2,52,308.4
12357,33,1,260,708.46
12358,150,1,20,115.58
12359,57,4,118,476.05
12360,52,2,120,204.28
12361,287,1,12,23.4
12362,3,10,226,457.39
12363,109,2,72,146.64
12364,7,3,140,121.74
12365,291,1,12,35.400000000000006
12370,51,4,157,202.20000000000002
12371,59,1,76,151.64000000000001
12372,71,2,30,55.08
12373,311,1,10,19.5
12374,25,1,36,37.8
12375,10,1,20,41.6
12377,315,2,134,234.29999999999998
12378,129,1,214,421.18
12379,81,2,26,44.6
12380,21,3,58,131.9
12381,33,3,53,78.05
12383,238,4,329,189.01999999999998
12384,28,1,2,16.5
12386,337,1,60,75.0
12388,75,5,147,378.09000000000003
12390,79,1,11,50.05
12391,21,1,19,36.59
12393,72,3,70,135.5
12394,217,1,8,6.8
12395,31,8,352,343.0
12397,35,2,100,213.23000000000002
12398,45,1,90,119.3
12399,261,1,48,26.400000000000002
12402,323,1,22,42.9
12405,148,1,81,195.45000000000002
12406,22,2,234,486.5
12407,134,2,298,141.74
12408,32,3,139,286.35
12409,78,3,825,1864.95
12410,301,2,39,77.85
12412,74,2,72,115.2
12413,66,3,29,61.95
12414,217,3,84,57.959999999999994
12415,24,14,6264,10742.55
12417,3,7,164,327.15999999999997
12418,112,1,24,75.24000000000001
12420,63,1,17,86.19
12421,15,2,30,59.94
12422,168,1,30,35.7
12423,0,7,169,268.58
12424,162,2,194,287.14
12425,78,1,68,97.3
12427,60,1,30,59.7
12428,25,7,271,808.46
12429,9,4,166,426.02
12431,60,12,295,692.31
12432,42,3,119,467.15000000000003
12433,0,6,986,1070.9
12434,84,3,21,90.45
12435,79,2,208,1180.4
12436,99,1,9,44.550000000000004
12437,9,11,354,536.42
12438,14,2,87,221.25
12441,366,1,25,10.5
12442,3,1,1,28.0
12444,21,5,117,800.6
12445,22,1,26,86.0
12446,57,1,53,154.45
12447,243,1,8,45.6
12448,44,1,48,41.76
12449,22,4,162,324.53000000000003
12450,173,1,12,24.96
12451,10,5,515,896.4399999999999
12452,16,1,51,72.85
12453,134,1,22,33.9
12454,56,1,288,360.0
12455,73,5,447,363.22
12456,44,4,35,84.65
12457,86,3,26,70.5
12458,71,2,31,69.01
12461,154,1,18,87.9
12462,303,1,47,92.45
12463,53,4,66,98.86
12464,10,1,8,119.6
12465,17,2,64,60.839999999999996
12468,187,2,49,121.95000000000002
12471,2,25,658,1042.84
12472,32,8,426,592.5
12473,29,5,63,591.58
12474,17,17,378,457.55
12475,53,1,17,104.9
12476,1,12,291,732.63
12477,22,7,326,1032.42
12478,3,1,6,12.48
12479,11,1,12,15.0
12480,28,4,160,302.2
12481,22,9,398,738.7
12483,98,4,80,126.92
12484,32,5,214,638.33
12488,9,2,34,56.0
12490,5,9,313,443.4
12491,38,1,3,17.85
12492,63,1,1,18.0
12494,40,4,76,155.94
12497,81,1,200,84.0
12498,57,1,3,14.850000000000001
12500,23,6,216,257.15999999999997
12501,315,2,180,225.78
12502,95,5,45,333.35
12504,18,1,1,12.75
12506,232,1,2,5.4
12507,134,2,274,408.28
12508,29,1,20,10.4
12509,284,1,10,49.5
12510,325,1,12,76.19999999999999
12512,66,1,14,10.4
12513,112,1,62,99.0
12514,267,1,48,141.8
12515,353,1,4,51.0
12516,77,2,40,58.6
12517,28,5,123,222.58
12518,0,5,178,277.48
12520,79,4,118,207.26000000000002
12521,142,1,39,133.3
12522,39,2,22,52.5
12523,19,9,77,214.48000000000002
12524,63,7,481,573.26
12526,0,3,108,195.33999999999997
12528,9,4,45,105.65
12530,59,4,202,275.36
12531,14,1,12,20.5
12532,30,1,38,86.58000000000001
12534,130,1,108,225.66
12535,186,1,15,59.85
12536,7,2,284,390.87
12538,29,1,18,34.5
12539,22,4,227,578.59
12540,19,16,821,1673.16
12541,29,3,50,62.8
12544,36,1,26,41.0
12545,75,2,63,94.65
12546,46,2,94,168.6
12550,79,1,71,113.08999999999999
12551,357,1,10,16.5
12553,25,6,160,410.78
12556,50,2,40,59.5
12557,16,2,458,1340.5
12558,1,2,32,8.519999999999996
12560,5,2,118,167.98
12561,302,1,37,20.7
12562,8,6,177,404.28
12564,261,1,6,17.700000000000003
12565,288,1,12,19.799999999999997
12566,72,2,92,147.67
12567,22,11,425,1018.76
12569,8,13,103,213.98000000000002
12571,39,2,38,51.66
12572,8,2,90,205.92
12573,227,1,6,14.75
12574,315,1,18,30.299999999999997
12576,35,5,124,182.8
12577,35,3,24,59.97
12578,21,2,23,59.849999999999994
12579,78,1,10,8.5
12582,238,2,28,48.480000000000004
12583,2,9,295,550.73
12584,3,9,26,122.60000000000001
12585,234,2,136,230.11
12587,7,1,30,62.400000000000006
12589,28,2,62,79.24000000000001
12590,211,1,474,1103.5
12591,317,1,15,42.45
12594,121,4,180,220.3
12596,51,1,88,167.92000000000002
12597,32,4,178,273.11
12598,9,6,194,380.7
12599,164,3,68,99.18
12600,28,6,112,166.18
12601,189,2,15,49.5
12604,79,2,64,57.6
12605,365,1,-1,-1.65
12607,58,2,134,85.66999999999999
12609,78,3,82,153.78
12610,22,4,79,162.5
12611,52,1,60,106.19999999999999
12612,74,1,24,24.0
12613,57,4,114,239.4
12614,277,1,6,46.9
12615,2,3,82,144.78
12616,95,2,31,41.64999999999999
12617,29,1,15,19.95
12618,21,1,25,10.5
12619,16,6,424,324.44
12620,14,3,152,113.97999999999999
12621,1,16,680,1096.12
12623,276,1,37,20.7
12624,106,2,33,81.65
12625,211,2,231,222.18
12626,43,7,241,519.4499999999999
12627,10,7,184,370.6
12628,4,2,25,75.60000000000001
12630,9,1,24,77.7
12631,57,1,12,19.799999999999997
12633,58,4,250,447.6
12635,89,2,52,94.64
12637,67,7,264,498.46
12638,33,1,20,8.4
12639,238,1,15,145.2
12640,24,2,17,152.69
12641,115,1,7,55.3
12642,25,2,34,53.4
12643,128,3,248,560.88
12644,129,1,18,42.3
12645,33,4,76,133.66
12646,4,2,140,215.56
12647,22,6,77,268.03
12648,154,1,8,10.0
12649,107,2,60,56.94
12650,3,1,54,32.46
12652,331,1,58,98.10000000000001
12653,148,2,100,107.32
12654,10,4,21,74.6
12656,17,4,144,288.28000000000003
12657,11,4,36,105.84000000000002
12658,18,1,35,84.71000000000001
12660,11,1,24,39.599999999999994
12662,0,8,197,302.94
12664,16,4,152,616.58
12667,58,1,26,29.1
12668,7,5,161,344.81
12669,150,2,97,182.16
12670,10,5,180,368.4
12672,329,1,6,15.299999999999999
12673,5,2,72,89.16
12674,36,5,85,168.09
12676,190,3,43,106.3
12678,42,5,572,685.73
12679,58,2,88,142.52
12680,0,4,62,141.74
12681,14,21,750,1300.19
12682,3,20,500,944.2
12683,4,14,250,706.78
12684,7,5,196,211.48
12685,28,5,192,383.75
12686,371,1,24,10.08
12688,113,1,377,512.34
12689,25,2,86,206.94
12690,205,1,22,51.900000000000006
12691,58,3,70,131.5
12693,127,2,18,27.44
12694,70,2,70,89.53999999999999
12695,7,3,22,96.3
12697,28,3,47,154.05
12700,7,4,227,431.93
12701,79,2,53,57.940000000000005
12702,19,1,7,32.85
12703,71,1,23,57.5
12704,35,5,44,279.3
12705,15,9,375,621.6700000000001
12707,291,1,18,34.74
12708,32,10,87,204.25
12709,43,14,295,546.9
12710,96,3,75,81.3
12712,28,8,41,190.95
12713,0,1,75,153.6
12714,9,5,203,288.13
12715,106,1,20,41.8
12716,3,2,36,65.4
12717,151,2,75,117.81
12718,71,1,6,17.700000000000003
12719,5,3,27,29.150000000000002
12720,2,16,388,456.08
12721,31,6,160,227.87
12722,114,2,74,97.74
12723,3,4,68,123.36
12724,81,1,16,44.379999999999995
12725,371,1,22,57.5
12726,28,7,456,345.9
12727,10,6,200,544.84
12729,113,1,4,16.6
12731,23,10,708,1940.08
12732,179,1,8,33.2
12733,234,1,21,56.85
12735,315,2,22,100.9
12738,372,1,24,27.599999999999998
12739,99,1,14,34.900000000000006
12740,63,1,34,49.9
12743,134,2,36,46.79
12744,56,5,267,1014.8
12747,2,9,107,353.49
12748,0,138,2951,3319.69
12749,3,6,164,491.58
12750,128,1,4,33.5
12752,81,1,328,409.8
12753,3,9,1421,2691.16
12754,235,2,579,319.12
12755,277,2,0,-7.600000000000001
12756,86,1,24,20.4
12757,15,5,87,658.78
12758,116,2,211,269.08
12759,52,3,62,118.22
12762,7,2,204,248.6
12763,138,2,72,97.2
12764,316,1,6,35.7
12766,57,5,247,334.58
12769,238,1,6,35.7
12772,59,1,31,60.43
12775,189,1,36,45.0
12778,19,4,58,131.13
12779,37,8,211,453.66999999999996
12782,4,3,26,62.900000000000006
12783,2,4,104,311.64
12784,15,1,29,44.949999999999996
12785,364,1,2,56.0
12787,9,2,24,58.6
12790,192,1,10,30.700000000000003
12792,256,1,20,35.199999999999996
12793,334,2,50,82.5
12794,53,2,72,98.0
12797,365,1,1,28.0
12802,186,1,24,34.8
12809,177,1,56,82.0
12811,261,1,14,35.7
12812,44,1,20,25.0
12815,147,2,44,118.2
12816,95,2,13,27.15
12820,44,3,36,60.36000000000001
12822,70,2,88,112.84
12823,127,1,30,229.5
12824,59,1,40,40.76
12826,71,4,63,31.76
12827,44,1,3,14.850000000000001
12828,7,4,34,56.58
12829,336,2,182,115.3
12830,91,2,456,292.32000000000005
12833,145,1,20,46.84
12836,59,4,67,240.39000000000001
12838,33,2,33,48.7
12839,2,14,450,558.24
12840,143,4,110,157.7
12841,4,17,208,276.87
12842,70,2,80,192.48000000000002
12843,159,6,78,126.3
12844,29,2,13,40.33
12845,268,2,3,9.3
12847,22,1,113,73.03
12849,31,2,111,168.95
12851,96,1,5,6.37
12852,294,1,2,25.5
12853,134,3,106,173.0
12854,78,3,54,117.75999999999999
12856,7,6,102,231.52
12857,210,2,17,70.15
12865,26,2,86,112.06
12866,283,1,10,57.5
12867,26,7,431,383.5
12868,218,5,134,208.08
12872,326,2,16,32.05
12873,282,1,40,102.0
12876,57,2,172,112.2
12877,3,7,114,167.4
12878,18,3,33,52.65
12879,91,1,24,61.199999999999996
12881,275,1,2,12.7
12883,24,2,17,67.25
12884,88,1,3,17.85
12885,63,2,23,64.25
12886,67,3,104,194.84
12888,255,1,6,59.699999999999996
12890,24,1,55,41.4
12893,30,1,4,6.6
12901,8,8,1046,913.16
12904,18,2,24,32.04
12906,11,3,80,208.9
12908,176,1,600,432.0
12909,87,4,63,148.05
12910,64,2,84,59.879999999999995
12912,14,2,72,175.92000000000002
12915,372,1,7,32.45
12916,138,3,41,159.35
12919,16,5,106,167.1
12920,17,1,1,1.95
12921,9,30,830,1505.8700000000001
12922,161,1,12,7.800000000000001
12923,64,1,15,40.41
12925,4,2,26,55.599999999999994
12928,35,5,130,211.48000000000002
12929,311,1,3,17.85
12930,78,3,17,26.150000000000002
12931,30,6,2498,3192.62
12933,24,2,49,40.97
12935,2,5,177,227.78
12936,78,1,4,15.0
12937,15,4,52,73.91
12938,25,1,18,22.560000000000002
12939,79,4,504,1504.08
12940,54,2,12,29.6
12942,131,2,17,66.81
12944,35,2,10,30.299999999999997
12945,288,1,3,17.85
12947,143,5,179,170.72
12948,16,6,129,313.69
12949,30,5,164,289.15
12950,2,1,100,72.0
12951,319,2,36,27.84
12952,43,3,35,73.03
12953,9,1,18,41.1
12955,1,10,260,398.32
12956,306,1,3,4.949999999999999
12957,4,8,273,430.85
12962,113,1,2,25.5
12963,8,6,127,246.27
12965,89,1,20,53.5
12966,9,1,6,11.7
12967,371,1,18,275.1
12970,7,3,43,44.28
12971,17,26,772,1235.3600000000001
12976,211,1,104,160.0
12980,176,3,216,1489.68
12981,29,2,22,36.3
12982,239,2,19,29.35
12985,0,2,112,92.08
12987,191,2,3,17.05
12988,292,1,12,39.95
12989,8,5,176,364.58
12990,185,2,30,61.1
12991,23,2,31,33.0
12993,23,2,14,52.300000000000004
12994,4,3,26,77.1
12997,22,3,128,157.36
12999,205,2,14,35.7
13000,259,2,60,86.4
13001,4,11,569,941.35
13004,11,16,467,618.59
13005,173,2,48,179.7
13012,9,7,91,154.23000000000002
13013,1,9,130,236.14000000000001
13014,10,6,31,177.95000000000002
13015,53,3,194,596.61
13016,73,2,70,76.7
13018,16,17,426,708.69
13021,25,5,226,371.54
13023,64,2,34,64.3
13026,1,3,96,83.52
13027,157,2,960,384.0
13028,22,3,153,136.59
13029,138,1,10,16.5
13030,11,1,11,23.55
13032,52,2,17,14.85
13033,357,1,9,27.5
13034,369,1,8,13.52
13035,57,1,-3,-5.85
13037,138,3,61,111.55
13040,8,2,18,32.4
13044,291,1,16,81.6
13046,30,2,76,112.7
13047,56,7,138,262.37
13048,14,4,150,181.57999999999998
13050,14,17,326,627.9300000000001
13052,212,1,49,70.85
13055,78,2,156,214.95
13058,24,1,25,123.75
13060,253,1,6,30.9
13061,72,1,46,62.1
13062,191,1,9,43.5
13064,12,4,44,88.2
13065,373,1,4,23.8
13066,24,2,45,43.1
13067,82,1,2,9.9
13069,0,19,394,274.56
13070,192,1,10,20.8
13075,129,1,92,185.0
13077,1,3,40,68.43
13078,1,19,477,1358.65
13079,91,1,6,35.7
13081,11,14,1304,1936.0
13082,176,2,433,94.71
13083,75,1,24,24.839999999999996
13085,157,2,35,75.75
13089,2,64,2593,4776.12
13090,8,8,334,1388.84
13091,28,1,120,52.0
13092,70,2,27,47.25
13093,275,8,319,896.4399999999999
13094,21,2,144,152.64000000000001
13097,32,10,223,420.16
13098,1,23,1441,2364.61
13099,99,1,288,207.35999999999999
13101,234,1,1,2.95
13102,8,19,382,574.92
13104,3,3,84,220.68
13107,85,2,144,156.74
13108,372,1,48,20.16
13109,51,4,29,86.55000000000001
13110,31,6,35,126.4
13113,0,17,278,995.3299999999999
13115,58,4,146,195.61
13116,138,1,40,48.15
13117,21,5,81,60.17
13118,19,4,38,165.99
13121,269,1,15,20.849999999999998
13122,240,1,20,54.5
13124,89,3,247,449.59999999999997
13126,4,6,104,120.44
13127,77,1,10,8.5
13131,23,2,55,156.39999999999998
13134,85,4,89,95.48
13135,196,1,4300,3096.0
13136,50,5,125,302.45
13137,10,8,170,254.86
13138,80,3,12,49.8
13139,32,4,155,392.82
13140,108,3,23,62.56
13141,84,3,110,260.3
13142,19,1,61,53.709999999999994
13144,332,1,5,63.75
13146,26,1,30,19.28
13148,29,13,208,357.92
13149,14,3,58,143.86
13151,295,1,13,69.25
13154,144,1,-1,-611.86
13155,33,4,35,79.25
13157,49,3,142,158.94
13158,94,4,76,144.92000000000002
13159,50,3,65,93.85999999999999
13162,122,4,105,138.95
13165,46,2,208,144.24
13166,283,1,34,52.300000000000004
13167,18,4,51,51.51
13168,36,3,80,142.65
13170,26,1,28,19.6
13171,21,3,22,68.7
13173,4,2,33,37.7
13174,16,3,181,402.55
13176,46,1,95,113.99
13177,64,1,20,47.4
13178,26,10,368,547.78
13182,45,1,12,15.0
13183,86,6,277,482.23
13184,130,7,109,146.31
13186,39,2,42,112.44000000000001
13187,337,1,15,21.09
13189,18,1,84,38.28
13192,95,2,72,103.94
13193,61,1,4,10.780000000000001
13196,84,2,156,226.09
13198,10,6,259,330.44
13199,3,12,572,1033.74
13200,21,3,55,60.24
13203,9,3,37,65.50999999999999
13208,59,5,115,176.1
13209,30,8,473,586.96
13211,10,2,50,45.55
13212,19,3,37,97.42999999999999
13213,56,4,118,128.35999999999999
13216,267,1,5,10.5
13217,156,1,100,85.0
13218,127,1,12,19.799999999999997
13220,219,2,13,85.5
13221,240,2,14,79.1
13224,60,2,349,276.71
13225,196,2,164,559.8
13226,273,1,9,16.65
13228,81,1,100,179.0
13229,225,1,12,15.0
13230,4,12,167,256.45
13232,12,7,112,211.39
13233,74,1,96,62.48
13235,212,1,26,49.400000000000006
13236,24,3,24,72.60000000000001
13238,11,4,28,41.2
13239,261,1,120,78.47999999999999
13240,96,4,44,117.85
13242,112,1,10,20.8
13243,203,1,24,36.0
13244,92,1,7,13.45
13246,18,3,30,40.11
13247,17,2,15,57.150000000000006
13248,124,2,26,80.7
13249,93,1,1,8.25
13253,156,1,120,42.0
13255,3,2,9,14.549999999999997
13258,23,2,30,40.2
13259,61,1,8,10.51
13261,285,1,12,102.0
13262,263,1,18,61.2
13263,1,33,458,791.21
13265,53,1,50,48.44
13266,29,8,458,324.62
13267,2,8,79,208.25
13268,17,9,318,364.0
13269,1,12,477,586.17
13271,37,1,9,8.39
13273,113,1,6,24.900000000000002
13277,15,1,20,25.0
13278,40,1,33,32.25
13280,316,2,85,76.11
13282,18,2,24,54.96
13283,185,1,20,17.0
13285,23,4,188,188.12
13291,155,1,3,16.95
13292,38,1,12,24.96
13294,189,2,23,43.599999999999994
13295,359,1,12,19.799999999999997
13297,23,2,176,355.68
13298,1,1,24,90.0
13299,268,1,6,17.700000000000003
13300,164,2,17,26.549999999999997
13301,103,4,58,69.4
13304,351,1,68,52.92
13305,21,3,63,83.25
13308,22,3,58,117.54
13309,88,2,33,64.35
13310,28,4,63,86.95
13311,150,1,46,75.5
13313,35,3,70,140.6
13314,1,4,52,79.96000000000001
13316,37,5,161,183.46999999999997
13317,64,6,92,231.15
13318,1,1,48,85.92
13319,17,18,425,867.7900000000001
13320,70,4,87,112.2
13322,17,1,2,8.5
13324,36,4,752,885.12
13325,81,1,12,19.799999999999997
13327,38,6,111,307.68
13328,316,1,60,98.99999999999999
13329,31,2,54,171.54
13330,92,1,107,51.209999999999994
13332,14,1,9,30.5
13334,82,3,241,483.44
13336,77,1,72,110.7
13338,157,1,76,90.6
13339,200,1,2,15.9
13340,45,5,517,608.61
13341,260,1,32,112.8
13343,172,1,-1,-12.5
13344,67,3,39,149.25
13347,70,1,24,39.599999999999994
13348,64,1,12,19.799999999999997
13350,16,2,27,69.15
13351,66,1,3,14.850000000000001
13352,60,1,12,19.799999999999997
13354,71,1,70,53.1
13355,122,1,6,17.700000000000003
13356,80,1,12,9.959999999999999
13357,257,1,19,31.05
13358,268,1,51,24.689999999999998
13359,59,2,34,31.9
13362,9,4,59,220.75
13363,17,2,76,111.48
13364,66,1,-18,-24.9
13365,8,3,53,220.59
13368,256,1,50,73.3
13369,365,1,1,50.0
13370,366,2,19,73.25
13372,89,1,16,37.0
13373,60,3,196,389.4
13375,81,2,11,42.550000000000004
13376,99,2,30,65.1
13379,26,2,14,6.220000000000001
13381,31,6,152,273.04
13382,280,1,7,22.55
13384,30,6,97,235.95
13385,329,1,27,34.89
13388,131,1,11,86.35000000000001
13389,11,3,63,97.69
13390,74,1,24,118.80000000000001
13394,1,7,230,282.92
13395,185,1,30,65.7
13396,29,3,55,57.55
13397,72,4,84,216.36
13398,192,1,46,110.45000000000002
13402,372,1,28,32.239999999999995
13403,17,1,36,45.0
13404,1,2,16,66.44
13405,204,2,26,90.3
13408,3,30,1567,2345.0299999999997
13410,24,3,80,216.4
13411,107,1,4,6.6
13414,133,1,24,30.0
13416,81,1,4,19.8
13417,4,2,13,72.98
13418,11,12,392,467.44
13420,170,1,12,17.4
13421,40,2,45,66.42
13422,64,1,152,278.48
13425,108,2,26,83.25
13426,0,6,200,261.12
13427,19,2,61,45.66
13428,10,1,11,16.84
13429,10,3,210,226.82
13430,18,2,72,18.48
13431,67,2,46,159.9
13434,74,1,96,177.60000000000002
13435,24,4,88,77.96
13436,1,1,5,31.95
13437,14,6,118,289.84000000000003
13439,255,1,56,34.58
13441,91,1,24,39.599999999999994
13447,23,3,68,166.76000000000002
13448,16,4,98,164.16
13449,23,1,22,35.8
13450,89,5,183,262.2
13451,26,5,145,226.11
13453,165,1,4,35.8
13455,24,2,72,247.07999999999998
13456,17,5,54,130.2
13458,7,14,441,854.54
13460,29,2,50,21.0
13461,38,2,140,229.70000000000002
13462,252,1,4,19.8
13464,58,1,77,92.46000000000001
13466,184,1,6,17.700000000000003
13467,10,2,21,79.55000000000001
13468,1,13,185,323.25
13471,1,4,122,214.85
13473,332,1,24,10.08
13474,236,1,4,5.0
13475,191,4,164,191.32
13476,178,2,15,76.65
13477,37,4,76,145.44
13479,200,2,21,48.35
13481,45,4,149,207.24
13482,232,1,16,20.0
13483,65,1,36,40.2
13485,233,1,20,35.55
13486,78,3,106,152.22
13487,213,1,50,21.0
13488,43,11,397,934.13
13489,289,1,288,158.4
13491,51,5,61,97.5
13492,136,3,76,221.8
13494,311,1,15,26.85
13495,35,3,100,324.2
13496,10,2,40,84.0
13497,368,1,-4,-27.0
13499,17,2,68,60.32
13500,23,3,75,103.05
13501,288,1,47,76.94999999999999
13502,16,1,34,13.559999999999999
13503,71,1,12,10.2
13505,72,4,289,393.67999999999995
13506,316,2,28,45.0
13507,3,4,116,208.04
13509,254,2,144,147.6
13510,1,4,103,168.9
13515,72,4,66,98.30000000000001
13516,21,3,157,222.5
13517,59,3,117,194.38
13518,85,1,20,29.3
13519,78,1,2,23.9
13520,58,7,209,479.0
13521,1,3,60,78.67
13523,33,6,152,461.68
13524,173,2,22,80.9
13527,33,5,123,164.05
13529,78,2,16,94.9
13531,205,2,24,86.4
13532,33,1,2,5.03
13533,182,2,22,34.44
13534,2,20,234,388.89
13536,1,6,330,322.08
13538,120,2,20,147.0
13539,85,3,26,66.30000000000001
13544,39,2,21,52.0
13546,12,3,28,82.64
13548,96,2,20,39.44
13549,142,4,84,99.0
13552,66,11,154,381.19
13555,73,4,188,357.44
13557,28,2,61,43.5
13558,5,4,24,49.63
13560,7,1,7,18.490000000000002
13561,215,1,2,6.35
13562,81,3,152,276.52
13563,84,2,28,90.44
13564,354,2,104,157.1
13565,19,2,31,36.75
13566,40,2,25,53.95
13568,173,1,10,25.2
13569,17,1,14,29.36
13570,243,1,21,26.069999999999997
13571,12,12,123,183.68
13572,205,1,16,74.6
13573,50,1,192,23.04
13575,23,5,62,110.1
13576,10,9,311,718.95
13577,25,4,54,160.20000000000002
13579,14,2,29,117.75
13581,309,1,1,1.45
13583,155,1,112,136.84
13584,306,1,4,31.599999999999998
13587,63,1,24,99.60000000000001
13588,15,10,298,294.87
13589,14,2,9,44.75
13590,51,3,66,112.5
13591,64,3,84,115.58
13592,213,2,11,40.35
13593,108,4,89,147.01
13594,52,1,44,56.92
13596,5,2,38,72.35000000000001
13598,47,1,5,9.63
13599,8,13,235,425.12
13600,312,1,10,9.12
13601,45,2,56,77.28
13602,64,1,85,106.69
13603,26,1,4,3.32
13606,243,2,45,44.45
13607,40,1,15,43.69
13610,12,7,42,104.51
13611,89,3,87,83.23
13614,24,4,58,136.16
13615,318,1,39,89.01
13617,40,2,9,18.79
13618,173,1,34,46.5
13621,116,1,28,35.0
13623,30,4,37,39.93
13626,252,1,6,15.299999999999999
13627,79,4,128,105.2
13629,63,5,392,677.76
13630,245,2,24,43.75000000000001
13631,134,3,99,502.07000000000005
13632,24,6,54,128.46
13634,33,5,66,187.91
13635,67,1,72,144.54
13636,36,4,108,77.84
13637,52,3,38,60.800000000000004
13638,15,1,2,25.5
13639,74,1,58,136.02
13642,215,1,33,30.46
13643,31,1,45,62.7
13644,16,4,239,286.61
13647,9,3,54,115.7
13649,256,2,55,79.05
13650,16,6,134,192.34
13652,45,2,70,111.30000000000001
13654,43,5,144,213.43
13655,114,2,80,85.24000000000001
13656,337,1,2,3.9
13658,9,3,92,190.6
13659,205,2,74,89.54
13662,85,4,106,177.99
13663,179,1,4,33.0
13666,287,1,1,2.1
13667,149,1,9,6.13
13668,2,21,292,495.36
13670,75,1,28,37.4
13672,301,1,-12,-20.28
13673,18,2,12,24.77
13675,151,2,30,27.060000000000002
13678,151,1,188,25.32
13680,1,4,206,403.55
13681,17,4,75,151.0
13682,187,1,2,25.5
13684,285,1,3,5.0
13685,3,3,722,281.98
13686,182,1,10,8.5
13692,24,2,146,77.4
13694,3,30,6058,6909.48
13695,31,7,198,235.32
13697,38,1,25,10.5
13700,26,7,297,302.87
13704,5,7,146,234.06
13705,7,2,7,182.7
13706,302,1,39,48.45
13707,267,2,29,79.25
13708,271,1,5,7.9
13709,3,11,247,457.66
13710,31,1,24,4.5600000000000005
13711,218,2,34,46.050000000000004
13712,246,1,148,76.8
13715,338,2,39,80.0
13716,269,1,19,20.63
13717,32,6,183,132.39
13718,246,2,16,30.0
13719,33,3,30,59.34
13720,178,3,33,59.35
13721,36,1,22,34.5
13722,131,2,74,298.3
13723,217,1,5,49.75
13725,71,5,90,121.11999999999999
13726,38,2,64,48.12
13727,33,1,12,17.4
13728,36,4,64,68.4
13730,135,2,28,25.35
13731,246,1,12,15.0
13732,28,1,32,67.2
13735,24,6,129,470.09000000000003
13736,5,2,33,44.28
13737,200,1,23,51.169999999999995
13741,183,2,19,63.85
13742,16,9,139,291.73
13743,2,3,168,132.23999999999998
13744,95,2,96,74.28
13745,162,1,72,44.04
13748,95,3,58,148.7
13750,53,2,80,295.68
13752,208,3,123,150.56
13753,287,1,44,60.599999999999994
13754,151,2,72,67.2
13755,3,7,144,236.99
13756,2,8,277,514.23
13758,11,6,160,298.97
13759,71,1,8,13.52
13760,54,2,22,51.6
13761,50,2,16,38.0
13762,204,2,-136,-115.92
13763,63,1,48,60.0
13764,70,3,89,167.57
13767,2,29,781,1911.0700000000002
13769,2,7,75,172.07
13771,64,4,171,327.53
13772,33,3,33,60.269999999999996
13774,81,1,28,28.200000000000003
13777,0,17,1505,2295.47
13780,7,2,5,12.05
13781,250,1,1,7.95
13782,12,5,41,87.66
13784,9,2,108,68.4
13787,75,1,4,8.4
13790,4,1,144,47.76
13791,43,2,188,126.6
13798,1,26,2475,4068.83
13799,116,2,62,111.5
13800,309,1,18,63.5
13801,66,1,16,21.6
13802,138,3,360,457.12
13803,255,1,6,12.600000000000001
13804,30,4,73,178.55
13807,367,1,12,19.799999999999997
13808,5,4,80,208.82
13810,28,2,30,52.14
13811,183,2,24,217.5
13812,64,2,17,56.99
13813,39,4,79,210.63
13814,92,2,148,281.8
13815,23,3,600,463.0
13816,23,3,9,23.35
13817,29,2,26,44.46
13819,319,1,140,83.4
13821,144,2,18,54.4
13822,40,1,27,54.19
13823,18,2,104,117.15
13824,32,2,54,154.5
13826,158,1,-1,-4.9
13827,57,3,10,35.94
13831,87,2,10,77.8
13833,159,1,4,27.8
13835,52,1,16,20.8
13838,5,4,13,44.29
13842,58,8,164,235.78
13844,11,1,54,100.14
13846,24,3,31,47.050000000000004
13848,297,2,1100,370.0
13849,51,2,61,130.05
13850,129,1,116,251.78
13851,95,3,76,225.90000000000003
13853,57,1,36,94.2
13854,88,9,227,690.3299999999999
13856,168,2,136,102.6
13860,1,4,136,151.88
13862,18,6,203,248.84
13863,247,1,6,17.700000000000003
13865,186,2,7,25.35
13867,31,3,26,75.5
13868,38,1,42,72.06
13869,123,4,187,263.44
13870,2,7,112,186.73000000000002
13871,22,12,293,663.9200000000001
13873,304,1,-2,-7.9
13874,358,1,5,37.75
13875,53,4,64,100.9
13876,63,1,18,53.8
13878,54,1,30,109.5
13880,21,8,150,293.88
13881,3,11,796,734.4
13882,2,3,112,95.2
13883,1,6,139,191.82999999999998
13884,7,3,30,92.5
13885,189,2,17,44.25
13886,71,1,12,19.799999999999997
13887,204,1,14,53.300000000000004
13888,218,1,3,21.25
13889,92,1,7,39.85
13890,1,9,105,209.59
13892,52,3,422,132.82
13893,297,1,44,143.4
13894,22,3,30,62.400000000000006
13895,21,4,37,110.01
13897,50,1,28,39.0
13898,325,1,14,27.2
13899,274,1,4,51.0
13900,192,2,61,72.95
13901,72,4,292,421.0
13904,37,2,73,48.54
13908,79,4,304,362.15000000000003
13911,149,6,294,278.42
13917,49,2,36,9.239999999999998
13918,49,2,42,62.7
13919,59,2,43,42.78
13923,53,1,12,9.48
13924,1,5,209,212.37
13925,92,3,29,68.35
13927,74,1,63,53.6
13928,106,1,6,17.700000000000003
13929,169,1,40,198.79999999999998
13930,136,1,24,13.200000000000001
13931,95,2,67,94.39
13933,148,1,3,14.850000000000001
13934,263,1,26,135.5
13936,179,1,76,61.32
13938,35,1,8,6.64
13939,108,1,30,32.94
13940,116,1,2,15.9
13941,21,2,336,277.91999999999996
13947,65,1,12,19.799999999999997
13949,2,6,406,296.74
13950,11,3,21,32.55
13951,176,2,170,109.5
13952,217,2,84,245.88
13953,7,1,12,25.200000000000003
13954,70,1,2,33.9
13955,154,1,5,12.350000000000001
13956,5,5,52,103.15
13959,79,2,22,48.870000000000005
13963,308,3,33,72.55
13969,7,15,295,503.71000000000004
13971,18,9,168,197.88
13972,201,1,6,15.299999999999999
13973,287,1,12,45.0
13975,31,4,117,172.21
13976,206,1,56,82.32
13978,45,1,102,78.84
13979,73,1,67,89.1
13980,60,1,4,10.2
13982,39,3,97,110.57
13983,39,5,69,151.37
13985,14,13,291,558.88
13988,19,6,112,234.56
13989,65,2,68,67.4
13990,213,1,24,10.08
13991,12,2,33,39.31
13992,30,1,32,40.0
13993,42,9,102,485.84999999999997
13994,39,3,32,137.58
13995,15,6,101,182.57
13999,10,10,172,225.88
14000,211,1,218,151.70000000000002
14001,232,1,38,124.9
14002,134,1,56,27.439999999999998
14004,43,6,126,368.7
14005,9,4,327,206.76
14006,115,2,30,49.5
14009,198,2,27,59.85
14012,277,1,8,23.6
14013,110,2,34,41.7
14014,77,1,96,52.92
14015,52,1,72,260.88
14016,161,4,260,476.03999999999996
14019,46,3,25,57.75
14020,16,2,74,93.56
14021,211,1,6,19.5
14022,225,1,102,95.22
14023,7,1,12,57.8
14024,124,1,1,12.75
14027,60,1,14,27.299999999999997
14029,63,2,46,120.5
14030,18,5,96,171.20999999999998
14031,21,13,1014,2921.33
14032,16,9,227,284.34
14034,22,2,44,63.71
14035,28,4,91,160.53
14036,284,1,9,35.550000000000004
14037,364,1,1,4.95
14038,78,3,124,181.6
14039,33,1,10,16.5
14040,61,10,226,429.26
14041,266,1,3,4.15
14044,26,4,32,77.45
14046,284,1,48,20.16
14047,8,3,72,125.52
14048,305,1,18,10.14
14049,16,6,465,661.04
14050,31,2,140,137.96
14051,0,12,259,1297.3
14052,19,1,4,18.0
14054,65,1,10,16.5
14056,1,24,415,842.07
14057,23,12,283,345.90999999999997
14059,266,1,12,23.4
14060,22,12,740,995.0600000000001
14062,9,3,70,140.1
14064,29,5,968,446.67999999999995
14066,266,1,6,15.299999999999999
14067,63,2,57,42.99
14068,320,1,13,38.95
14071,3,6,89,70.31
14075,4,2,52,94.6
14076,129,1,12,20.46
14077,78,2,25,34.150000000000006
14078,101,4,9,14.350000000000001
14081,302,2,77,88.61
14082,364,1,9,25.5
14083,4,6,94,98.28
14085,2,15,270,353.75
14087,2,1,7,7.83
14088,10,8,1345,5387.11
14090,324,1,72,76.32000000000001
14092,23,10,112,190.88
14093,12,1,59,25.34
14096,4,17,1426,5075.9
14098,36,1,4,10.6
14099,43,9,195,359.84999999999997
14100,137,1,13,54.75
14101,326,1,200,509.99999999999994
14102,11,4,30,42.4
14104,165,1,26,9.39
14105,239,1,70,133.04
14107,51,5,120,256.2
14108,30,1,10,19.5
14110,42,7,214,470.66
14111,14,3,102,266.1
14112,22,6,184,268.62
14113,78,1,48,20.16
14114,330,1,18,37.5
14116,19,4,51,129.78
14117,143,1,24,30.0
14121,3,5,198,366.31
14124,84,1,432,138.24
14125,10,3,204,280.55
14127,122,2,15,51.550000000000004
14128,60,2,68,75.38
14129,1,3,80,92.88
14130,319,1,13,28.47
14132,2,8,168,249.5
14133,129,3,27,63.14999999999999
14135,32,8,153,215.04
14138,1,2,64,110.16000000000001
14139,46,1,24,10.08
14140,3,2,106,71.98
14141,2,3,51,89.61
14142,373,1,6,20.1
14146,8,6,174,310.81
14149,212,2,39,35.51
14150,35,1,48,18.72
14152,234,1,40,38.0
14154,239,2,8,109.6
14155,266,1,3,17.85
14156,9,42,4804,10776.82
14157,19,2,63,61.010000000000005
14158,40,1,93,98.53999999999999
14159,19,13,422,480.15
14161,215,3,23,73.6
14162,173,2,6,8.0
14163,87,4,191,591.25
14164,80,1,120,219.12
14167,39,2,9,28.68
14171,98,1,14,37.4
14173,10,1,7,13.55
14174,33,1,3,15.73
14175,59,3,117,331.43
14176,297,2,28,70.8
14177,95,2,19,109.15
14178,8,7,80,86.45
14179,40,2,27,65.59
14180,10,14,51,440.45
14188,30,5,121,132.75
14189,29,13,203,329.81
14191,1,12,258,351.46
14193,67,2,10,41.9
14194,4,20,512,937.52
14195,201,1,12,91.80000000000001
14198,145,2,16,42.8
14201,60,2,16,34.2
14204,2,1,3,12.850000000000001
14205,16,3,0,31.199999999999996
14206,239,1,24,33.599999999999994
14208,94,1,6,22.5
14209,10,4,66,249.7
14210,105,5,104,181.16
14211,53,7,89,164.15
14214,30,3,77,125.15
14215,11,5,174,197.72
14216,3,4,92,229.8
14217,24,9,51,217.81
14218,42,1,10,12.5
14219,4,1,4,15.0
14221,42,6,111,203.44
14222,177,1,24,10.08
14223,92,3,46,132.3
14224,145,3,25,83.14999999999999
14226,70,2,72,92.39999999999999
14227,196,3,69,167.35
14229,333,1,12,15.0
14231,288,1,6,17.700000000000003
14232,31,5,121,184.05
14233,49,1,24,20.4
14234,22,4,82,80.85
14235,75,3,159,268.85
14236,80,1,72,27.119999999999997
14237,373,1,1,12.75
14238,326,1,12,15.0
14239,71,5,80,201.8
14240,30,1,24,91.19999999999999
14243,8,12,243,432.43
14245,176,3,80,147.02
14246,110,3,30,117.2
14247,278,1,8,27.8
14248,318,1,36,219.0
14250,7,3,74,168.62
14251,1,3,138,244.62
14256,254,3,68,67.44
14257,64,4,143,286.01
14258,9,5,750,1523.26
14261,78,1,50,135.9
14262,29,5,123,187.0
14264,245,1,8,47.6
14265,109,2,26,25.45
14267,150,3,16,36.6
14270,331,1,8,37.6
14271,225,1,12,5.04
14272,73,2,89,71.42999999999999
14273,136,2,25,52.1
14276,88,4,41,52.05
14277,15,3,90,308.5
14280,196,1,6,15.299999999999999
14282,8,7,178,348.5
14284,30,2,24,128.8
14285,37,2,56,277.2
14286,23,4,453,437.67
14288,213,1,68,107.39999999999999
14289,199,3,14,74.1
14290,11,4,32,93.75999999999999
14291,1,9,254,516.25
14292,86,5,25,110.65
14293,3,4,68,111.84
14295,40,1,12,15.0
14297,17,2,52,85.08
14298,30,32,5902,4845.78
14299,21,6,158,212.14
14301,117,1,72,76.32000000000001
14304,222,2,15,31.65
14305,71,2,107,165.57
14306,51,2,27,98.69999999999999
14307,88,5,275,346.63
14309,8,4,122,202.5
14311,242,1,24,73.6
14312,46,4,97,145.91
14315,21,5,77,193.53
14317,64,1,22,26.7
14320,322,2,0,2.879999999999999
14321,10,5,340,155.7
14323,233,2,6,37.300000000000004
14329,17,7,242,454.16
14331,135,1,5,34.85
14332,66,1,2,1.9
14333,67,1,9,62.5
14334,16,6,206,261.34
14335,16,2,12,48.55
14336,16,3,57,102.45000000000002
14338,196,1,27,64.65
14339,242,1,4,19.8
14341,45,6,104,167.11
14342,21,4,139,176.44
14345,38,1,12,4.68
14346,120,2,85,144.39000000000001
14348,260,1,3,17.85
14349,10,1,6,16.85
14350,274,1,36,24.839999999999996
14352,157,4,84,149.88000000000002
14353,215,1,6,3.9000000000000004
14355,365,1,12,10.2
14356,73,3,39,183.11
14357,43,1,12,21.990000000000002
14359,36,3,49,90.11
14360,31,3,111,192.12
14362,22,1,18,18.54
14364,134,5,267,462.05
14367,8,14,376,738.6700000000001
14368,319,1,2,19.9
14375,185,1,10,19.580000000000002
14377,191,1,1,35.95
14379,44,2,13,40.65
14381,52,1,6,6.8
14382,26,1,134,49.7
14383,64,2,38,121.8
14387,32,3,77,185.03
14388,10,7,192,326.12
14389,8,4,159,150.89
14390,10,8,142,288.89
14395,2,9,151,354.18
14396,65,2,23,61.73
14397,5,8,323,418.93
14400,141,2,6,-2.5
14401,4,8,324,264.12
14404,33,4,42,94.8
14406,119,1,2,11.9
14407,133,3,54,127.78
14408,130,2,148,157.52
14409,71,3,114,249.00000000000003
14410,15,10,43,20.669999999999995
14411,310,1,4,59.8
14412,42,2,64,54.559999999999995
14413,362,1,1,4.95
14414,91,6,138,124.82
14415,1,14,315,646.66
14416,42,1,26,39.019999999999996
14418,3,3,236,241.56
14419,10,5,53,122.51
14420,99,1,26,45.56
14421,57,1,24,30.0
14422,0,5,214,331.92
14426,18,8,189,260.96000000000004
14427,63,1,86,138.46
14428,36,2,22,92.43
14431,302,1,8,43.2
14432,26,4,140,175.23
14436,98,1,24,6.959999999999999
14437,365,1,12,17.4
14440,42,4,84,252.01999999999998
14441,0,4,31,125.1
14442,204,2,45,272.75
14443,53,3,55,76.76
14446,0,4,49,65.72
14447,18,4,48,126.4
14448,9,2,21,60.70000000000001
14449,18,4,99,138.87
14450,243,1,2,9.9
14451,60,2,56,77.32
14452,10,2,9,25.37
14453,190,1,16,39.6
14456,5,9,295,295.24
14457,310,1,24,30.0
14459,155,1,130,378.86
14460,110,3,97,80.58
14461,148,3,69,185.94
14462,66,6,66,142.35
14463,170,2,73,91.32000000000001
14465,246,3,35,49.22
14466,29,4,83,232.15
14467,17,3,31,68.25
14470,11,2,9,80.55
14472,103,7,69,132.94
14474,46,1,30,107.53999999999999
14475,71,3,54,120.6
14476,257,1,2,5.9
14477,50,1,20,41.6
14479,253,1,12,23.4
14480,11,1,2,12.5
14481,164,1,60,60.599999999999994
14482,18,6,162,186.53
14483,281,1,3,8.850000000000001
14484,50,1,48,20.16
14485,38,1,4,8.0
14487,26,6,78,153.26
14488,67,1,28,69.16
14489,207,1,40,58.6
14491,175,1,17,53.55
14493,7,6,137,255.35
14496,373,1,36,122.04
14497,309,1,38,96.3
14498,42,5,187,248.77
14499,26,3,48,93.05
14502,19,10,133,197.39
14503,3,5,160,201.18
14504,243,2,13,23.37
14505,17,8,265,635.59
14506,17,5,60,140.77
14507,101,4,33,59.68
14508,22,2,23,42.92
14511,11,4,92,180.68
14512,232,1,8,32.8
14513,206,2,23,34.95
14514,61,3,18,43.3
14515,17,6,156,251.37
14517,141,1,18,47.1
14518,64,1,97,19.490000000000002
14520,1,1,4,33.0
14522,198,1,1,1.25
14523,108,1,12,15.0
14524,31,8,95,297.0
14525,19,7,209,355.67
14527,2,44,200,687.53
14528,37,1,15,4.35
14529,60,3,28,53.09
14530,25,6,72,175.04
14532,236,4,68,181.51
14533,24,8,290,289.76
14534,2,20,95,242.67
14535,60,3,190,254.27
14536,259,1,4,15.0
14537,57,1,24,85.68
14538,64,1,6,14.940000000000001
14539,15,1,84,108.84
14540,9,3,25,75.45
14541,168,6,81,207.85
14543,30,7,69,385.9
14544,24,2,130,208.5
14546,5,7,153,293.4
14547,3,8,165,299.06
14549,311,1,1,12.75
14550,10,2,22,35.5
14551,204,1,16,12.64
14552,151,1,10,22.1
14553,19,4,45,65.14
14554,10,4,94,172.03
14555,302,1,16,20.8
14560,7,9,197,384.71
14561,75,3,112,122.16
14562,3,18,121,339.49
14565,95,5,250,360.28
14567,56,1,24,90.0
14569,1,1,1,2.95
14570,280,2,2,6.45
14572,40,6,120,298.93
14573,179,7,53,141.73
14577,12,4,57,121.91
14581,16,1,5,4.25
14583,5,5,99,103.42
14584,169,4,36,82.62
14585,50,1,1,2.1
14586,276,1,24,13.200000000000001
14587,184,8,71,156.39000000000001
14589,371,1,1,7.95
14591,15,4,81,150.59
14592,35,3,32,49.980000000000004
14593,21,3,22,37.91
14594,7,2,21,34.95
14595,56,2,72,161.5
14597,11,1,65,97.64999999999999
14598,44,1,29,15.209999999999999
14600,305,1,5,27.95
14603,274,1,200,509.99999999999994
14606,1,86,426,1183.49
14607,46,4,448,574.0
14608,4,1,9,44.550000000000004
14609,177,1,720,151.2
14618,10,1,22,57.60000000000001
14619,245,1,12,10.2
14621,1,5,88,252.98000000000002
14622,184,1,10,20.8
14623,32,4,15,42.2
14625,196,2,12,51.4
14626,23,3,56,299.79999999999995
14628,242,1,24,10.08
14629,4,3,19,32.449999999999996
14631,50,3,68,61.64
14632,262,1,8,6.8
14633,266,1,4,39.8
14636,36,2,10,37.5
14638,50,1,10,28.900000000000002
14639,52,6,117,319.55
14640,15,6,37,123.85
14644,67,2,42,51.9
14646,2,54,19972,31560.36
14649,4,3,26,76.51
14651,67,2,22,76.05
14652,77,1,8,27.55
14653,1,6,104,168.68
14655,3,2,39,47.92
14656,169,2,18,31.71
14657,17,4,45,49.85
14658,5,2,4,29.099999999999998
14659,8,7,120,268.22
14660,100,1,8,12.0
14661,26,1,6,66.9
14662,28,3,21,41.26
14664,19,2,46,57.83
14665,60,6,53,105.53
14666,24,1,29,23.549999999999997
14667,10,23,562,1120.95
14669,241,3,37,70.05
14670,280,2,32,43.18
14672,234,2,32,83.19999999999999
14673,3,4,126,172.20000000000002
14675,16,1,69,125.5
14676,31,5,432,300.24
14680,25,17,1334,2790.08
14681,211,1,1,12.5
14684,25,5,102,125.23
14687,106,1,24,39.599999999999994
14688,7,17,286,391.59999999999997
14690,44,3,24,37.2
14691,30,4,88,102.07999999999998
14692,137,4,8,25.299999999999997
14693,264,1,7,10.15
14696,4,8,168,202.52
14697,218,1,1,4.95
14698,1,4,54,91.62
14699,214,1,3,17.85
14700,32,3,48,106.0
14701,10,8,81,174.51
14702,1,12,81,282.55
14703,14,1,12,37.2
14704,19,7,103,184.8
14708,2,1,12,5.04
14709,71,8,168,291.0
14710,14,4,35,69.86
14711,24,10,74,221.59
14712,29,2,25,105.25
14713,9,11,114,279.66
14714,24,1,4,21.599999999999998
14715,24,4,70,111.95
14716,43,2,12,20.24
14719,1,5,85,170.57
14720,89,2,29,48.83
14722,147,1,3,9.65
14723,10,5,69,97.44
14725,24,1,6,26.95
14727,274,1,12,15.0
14729,373,1,7,17.25
14730,1,8,92,181.38
14731,47,1,2,2.5
14732,8,7,128,182.02
14733,141,9,313,800.39
14735,3,13,182,363.14
14737,353,1,30,110.0
14738,64,4,34,86.74000000000001
14739,4,6,194,383.34
14740,197,3,82,148.29999999999998
14741,54,4,210,191.1
14744,291,3,100,137.05
14745,112,4,95,128.85
14747,249,1,5,14.75
14748,123,3,220,136.16
14752,43,1,72,51.839999999999996
14753,87,1,44,95.5
14754,44,2,38,56.5
14755,9,10,184,358.8
14756,15,1,2,33.3
14757,75,1,16,46.8
14758,144,3,34,108.5
14759,4,3,41,154.55
14761,58,2,18,60.9
14762,263,1,10,16.5
14765,176,1,4,31.6
14766,8,5,157,281.57
14768,127,1,22,68.1
14769,2,7,597,917.21
14770,232,2,64,99.44
14772,112,1,12,15.0
14775,58,3,120,63.839999999999996
14776,51,7,94,115.19999999999999
14777,4,1,-1,-2.95
14779,323,1,5,77.55
14780,79,1,24,13.200000000000001
14782,319,1,72,90.0
14784,323,1,24,40.56
14788,7,2,76,144.98999999999998
14790,28,3,58,32.74
14793,21,1,4,17.0
14794,2,5,36,69.24
14795,166,1,3,23.85
14796,1,20,673,860.0
14798,144,2,26,19.22
14799,51,1,73,25.07
14800,47,10,212,262.42
14801,61,1,8,18.03
14803,162,2,51,131.25
14804,8,1,29,99.15
14805,15,4,14,95.4
14808,39,7,259,205.18
14810,40,7,108,192.47
14813,369,1,14,26.45
14815,67,1,52,50.04
14817,200,2,73,123.2
14818,73,2,69,102.85000000000001
14820,21,2,22,36.64
14823,180,3,15,45.4
14824,10,2,51,138.45
14825,3,8,94,198.1
14828,196,2,906,558.94
14829,29,3,46,73.14
14830,53,1,64,47.91
14834,17,5,77,109.31
14837,89,5,168,164.14
14841,53,6,177,299.75
14842,43,3,152,321.34000000000003
14844,63,4,233,254.62
14847,148,1,18,53.1
14849,21,18,661,781.44
14850,311,1,59,73.4
14851,23,2,44,75.0
14852,58,6,177,299.85
14853,24,1,12,36.4
14854,78,5,205,231.19
14855,119,2,76,149.0
14856,36,2,71,110.31
14857,148,1,6,30.5
14859,80,2,41,111.25
14860,19,1,24,15.600000000000001
14862,25,2,46,54.7
14863,29,1,24,34.8
14866,10,6,443,1223.8400000000001
14867,218,2,30,57.78
14868,3,5,96,203.9
14869,8,2,12,49.1
14870,261,1,14,64.5
14871,3,3,11,22.73
14873,210,1,10,81.5
14875,107,1,121,195.35
14878,36,7,96,146.7
14880,77,3,26,36.54
14881,19,1,84,37.32
14882,26,1,12,83.4
14883,73,2,34,25.36
14885,131,1,24,61.199999999999996
14886,252,1,36,54.599999999999994
14887,79,1,200,358.0
14888,207,1,16,28.0
14890,253,1,5,19.75
14891,148,2,26,46.5
14893,9,2,88,119.38
14894,85,1,12,15.0
14895,7,11,427,971.03
14896,365,1,19,42.6
14897,7,2,16,49.0
14898,23,4,43,105.64
14901,11,8,65,251.4
14902,25,1,12,37.3
14903,21,6,174,260.31
14904,2,2,202,75.06
14905,233,1,3,14.850000000000001
14907,3,6,230,440.8
14910,25,2,-12,-19.98
14911,1,167,7698,12813.95
14912,16,2,172,199.07999999999998
14913,183,2,40,53.519999999999996
14915,85,3,19,28.450000000000003
14916,70,3,104,96.2
14918,115,2,106,184.86
14920,212,2,58,103.3
14921,30,2,60,55.08
14923,50,1,16,45.599999999999994
14929,32,1,24,30.0
14930,108,2,184,249.44
14931,4,2,20,118.8
14932,365,1,12,30.599999999999998
14934,81,2,54,121.5
14935,297,1,60,111.0
14936,33,6,296,680.07
14937,56,3,124,384.20000000000005
14944,29,8,273,562.21
14946,14,1,6,34.5
14947,130,1,3,17.85
14948,23,5,35,75.19
14950,19,1,24,6.959999999999999
14951,79,1,16,9.44
14952,59,8,345,702.69
14953,25,1,23,47.95
14954,12,1,13,43.47
14957,253,1,2,3.9
14958,147,3,17,60.35
14959,59,4,41,44.769999999999996
14960,8,1,19,14.19
14961,10,9,277,601.03
14962,270,1,2,15.9
14963,9,5,140,128.6
14964,247,1,3,2.55
14965,96,1,65,78.1
14966,14,1,12,13.66
14967,49,1,24,30.0
14968,30,1,23,28.900000000000002
14970,137,1,20,135.0
14971,35,2,100,124.48
14972,128,1,2,20.7
14973,134,1,17,51.95
14974,37,1,5,16.14
14975,57,1,36,14.040000000000001
14976,57,4,23,121.0
14978,72,5,56,136.8
14984,19,2,6,22.1
14985,198,2,39,36.839999999999996
14987,15,1,32,81.6
14988,211,1,2,2.1
14995,38,2,8,26.0
14997,88,1,24,18.96
14998,170,2,65,36.65
15000,47,1,21,58.21
15002,115,4,70,199.54000000000002
15004,147,1,38,62.28
15005,15,30,343,586.08
15006,51,1,29,22.86
15007,159,1,2,4.16
15009,12,3,60,97.11
15012,53,2,28,52.86
15014,43,1,1,0.85
15016,172,1,3,23.85
15018,38,1,2,15.9
15019,266,1,7,20.65
15021,8,9,65,165.55
15022,11,3,42,58.010000000000005
15023,3,9,186,548.99
15024,9,7,96,173.62
15025,33,1,16,31.96
15026,277,1,8,39.8
15027,219,1,72,90.0
15028,8,3,71,120.39
15031,4,4,27,57.12
15032,366,1,21,37.05
15033,4,10,98,144.22
15034,15,7,320,509.52
15035,89,1,23,54.330000000000005
15036,72,2,19,31.61
15038,43,6,19,45.089999999999996
15039,9,43,537,1399.32
15041,170,1,6,5.84
15043,31,1,100,179.0
15044,19,12,193,699.29
15045,151,1,24,26.88
15046,9,8,156,292.13
15047,269,1,14,26.9
15048,65,4,13,29.330000000000002
15049,273,1,2,1.7
15050,25,2,70,110.02
15051,23,3,83,87.16
15052,319,1,25,29.13
15053,4,2,37,41.589999999999996
15054,12,2,13,19.34
15057,315,1,133,189.0
15058,25,10,59,162.39
15059,40,7,46,104.7
15060,8,3,21,16.06
15061,3,22,2373,4695.62
15062,217,3,68,97.28
15065,37,4,150,277.82
15066,31,1,-1,-8.25
15067,78,3,158,155.84
15068,46,2,62,27.259999999999998
15069,179,1,39,97.1
15071,93,2,34,134.70000000000002
15073,9,2,-11,12.150000000000002
15074,105,1,46,73.8
15075,77,1,20,78.2
15076,172,1,90,128.7
15078,7,17,452,897.34
15079,212,3,32,87.6
15081,22,4,39,102.55
15087,281,1,12,35.400000000000006
15088,21,3,118,240.27
15089,44,4,88,195.63
15090,308,1,24,49.8
15091,67,1,22,25.84
15093,18,6,285,471.03999999999996
15095,103,2,24,60.0
15096,42,1,42,79.5
15097,4,1,18,22.260000000000005
15098,182,1,-60,-297.0
15100,330,1,-3,-32.849999999999994
15103,86,1,31,122.8
15104,196,2,16,37.94
15105,18,3,122,158.46
15106,17,4,129,165.9
15107,359,2,30,-20.400000000000002
15108,141,4,90,161.0
15109,245,1,3,17.85
15110,44,3,7,21.5
15111,29,3,119,217.8
15113,9,2,114,278.7
15114,30,10,335,246.76
15115,18,1,4,34.0
15116,57,2,102,386.82000000000005
15117,50,3,40,58.0
15119,245,1,3,17.85
15121,50,2,19,54.099999999999994
15122,114,3,81,165.3
15123,7,2,102,207.26
15125,113,7,496,669.2
15127,65,1,24,40.2
15128,126,4,141,140.63
15129,50,6,89,168.09
15130,169,1,6,17.700000000000003
15132,105,3,60,97.6
15133,127,3,194,179.51999999999998
15134,14,3,71,111.05
15135,239,1,3,17.85
15136,2,3,140,175.9
15139,239,2,54,26.820000000000004
15140,79,3,108,114.72
15142,46,1,2,16.5
15143,225,1,24,39.599999999999994
15144,8,12,262,666.18
15145,4,3,46,88.84
15146,164,3,136,90.64
15147,218,2,25,15.349999999999998
15148,10,1,42,43.980000000000004
15149,133,1,6,17.700000000000003
15150,17,9,265,426.90999999999997
15152,9,13,225,328.95
15153,31,1,12,15.0
15154,75,1,8,22.14
15156,1,3,69,182.35
15157,3,3,112,91.52
15158,45,1,24,50.400000000000006
15159,4,22,884,1402.3
15160,357,1,12,25.200000000000003
15163,18,2,41,22.65
15164,68,3,49,137.15
15165,373,1,2,15.9
15167,320,1,9,21.35
15172,8,3,97,53.1
15174,322,1,12,35.4
15175,71,1,60,32.76
15179,18,3,265,178.04999999999998
15182,154,2,20,70.2
15184,29,2,9,13.15
15185,70,1,156,39.24
15186,14,2,30,79.7
15187,1,7,238,795.4
15189,3,17,739,1729.8500000000001
15192,119,3,34,84.9
15194,3,15,621,960.61
15197,252,1,25,10.5
15198,124,1,24,30.0
15199,59,1,50,127.49999999999999
15201,78,4,45,10.169999999999995
15203,25,5,162,205.56
15205,85,2,24,90.0
15206,99,1,24,61.199999999999996
15208,31,4,30,97.02
15210,225,1,49,49.870000000000005
15211,60,2,26,64.7
15212,241,1,6,15.299999999999999
15213,329,1,25,49.5
15214,1,5,42,74.18
15215,44,2,5,21.950000000000003
15218,10,6,159,293.97
15219,176,1,2,25.5
15220,51,4,33,59.790000000000006
15223,249,1,-24,-112.4
15224,358,1,12,17.88
15225,234,1,12,25.200000000000003
15227,36,5,88,177.8
15228,66,3,186,379.82
15230,240,1,35,27.0
15232,113,1,24,13.200000000000001
15235,217,7,85,139.55
15236,298,1,25,10.5
15237,78,2,113,134.14
15238,29,3,125,94.26
15239,78,1,40,69.0
15240,84,5,121,174.4
15241,66,5,151,117.32000000000001
15243,74,1,9,32.550000000000004
15244,65,2,20,43.38
15245,134,3,86,121.26
15246,358,1,10,19.5
15249,31,13,338,718.56
15251,91,5,308,848.7
15252,36,2,77,120.7
15253,16,3,110,81.6
15254,127,1,15,29.85
15255,66,1,19,44.85
15257,283,1,4,203.25
15258,168,2,9,47.650000000000006
15260,142,4,65,163.79000000000002
15261,135,1,24,4.5600000000000005
15263,106,1,18,51.4
15264,64,1,95,110.58
15265,235,1,14,31.5
15266,338,1,4,39.8
15270,238,2,22,36.3
15271,7,11,161,305.43
15272,57,2,19,54.71
15274,4,2,24,9.36
15275,37,1,107,74.09
15276,66,1,7,5.07
15279,354,1,30,63.9
15280,172,1,24,13.200000000000001
15281,58,7,120,276.48
15287,70,1,12,48.300000000000004
15288,43,5,83,280.21
15289,29,2,60,32.04
15290,8,10,365,673.3199999999999
15291,172,7,184,421.16
15292,201,1,2,7.5
15296,50,6,147,369.45
15297,10,3,40,89.18
15298,2,7,385,347.64
15299,164,2,0,596.19
15300,64,1,24,13.200000000000001
15301,50,10,304,939.96
15303,290,1,48,63.3
15304,164,3,9,91.35
15306,64,3,95,173.97
15308,274,1,48,13.919999999999998
15311,0,82,3756,5482.39
15312,75,4,104,151.14
15314,199,1,12,15.0
15315,64,2,72,68.4
15318,3,1,48,14.399999999999999
15319,283,1,49,26.1
15320,44,1,9,37.650000000000006
15321,49,3,114,205.38
15322,64,2,22,77.46
15325,103,1,2,1.24
15326,333,1,40,29.490000000000002
15329,35,4,56,46.55
15332,369,2,64,142.8
15333,208,1,30,52.5
15334,156,3,22,42.300000000000004
15335,53,1,3,9.65
15339,66,2,46,51.5
15341,80,1,24,99.60000000000001
15342,129,1,6,15.299999999999999
15343,87,1,26,46.5
15344,63,1,-4,-45.8
15345,35,1,-2,-22.9
15346,332,1,3,14.850000000000001
15348,72,1,8,30.0
15349,158,2,27,58.94
15350,373,1,12,25.200000000000003
15351,12,5,67,221.84
15353,254,1,38,95.80000000000001
15356,31,10,220,306.08
15358,4,18,1092,831.42
15360,39,1,36,49.8
15363,372,1,18,37.5
15364,95,1,29,64.95
15365,25,6,75,65.5
15366,75,1,9,40.95
15367,57,3,75,157.85
15370,71,3,23,103.05000000000001
15372,137,1,348,282.6
15373,8,7,53,174.26000000000002
15376,40,3,83,145.54
15379,186,7,203,299.53000000000003
15380,8,3,28,159.04000000000002
15382,14,6,416,590.72
15384,169,2,39,45.21
15386,186,1,36,25.08
15388,270,1,18,22.8
15392,30,3,208,213.88
15393,281,1,12,10.2
15394,9,4,82,171.22
15395,325,1,6,32.7
15398,16,2,56,113.74000000000001
15399,1,3,46,51.17999999999999
15400,92,3,98,235.4
15402,148,2,2,7.6000000000000005
15405,189,1,98,118.26
15406,301,1,38,27.650000000000002
15407,33,3,33,62.37
15408,264,1,9,18.349999999999998
15410,84,5,86,314.88
15411,26,3,34,110.64
15412,171,1,4,11.8
15414,9,3,58,161.94
15415,313,1,6,17.700000000000003
15416,64,4,164,474.46000000000004
15417,85,1,18,32.1
15421,58,3,42,99.7
15426,19,6,73,131.22
15427,33,3,89,126.26
15429,26,2,21,41.19
15432,23,1,18,42.900000000000006
15433,79,3,10,8.459999999999997
15434,200,1,48,60.0
15435,22,1,10,29.700000000000003
15436,12,3,81,158.89
15437,262,1,3,6.25
15440,54,3,20,38.68
15443,1,7,112,213.74
15444,9,2,88,177.26
15448,312,1,20,28.52
15449,26,2,52,80.60000000000001
15450,30,1,8,13.52
15452,29,3,33,67.15
15453,1,7,43,76.67
15454,362,1,2,2.5
15456,283,2,39,41.83
15457,262,1,13,44.849999999999994
15460,354,1,4,13.8
15462,94,1,12,19.799999999999997
15464,338,1,74,150.21
15465,19,10,109,783.8299999999999
15466,85,1,28,41.839999999999996
15467,145,2,28,29.4
15468,51,1,12,35.040000000000006
15469,50,1,2,15.9
15471,2,1,12,30.6
15472,113,1,14,25.9
15475,77,1,24,27.599999999999998
15478,40,2,158,227.51
15480,116,1,31,63.09
15482,15,7,-36,150.00000000000006
15483,161,2,19,21.439999999999998
15484,1,4,225,342.69
15485,30,3,152,330.28
15489,22,3,46,154.0
15491,179,4,179,297.17
15492,74,1,16,65.0
15493,32,5,67,179.93
15494,21,2,105,109.51
15497,17,2,60,198.60000000000002
15498,2,20,617,829.9
15500,18,2,16,34.8
15502,15,10,540,3252.95
15503,362,1,7,10.35
15505,52,5,72,226.48000000000002
15506,22,3,28,46.949999999999996
15507,171,1,18,56.79
15508,189,5,17,62.59
15511,11,4,23,70.08
15512,359,1,24,38.4
15513,31,13,512,1170.78
15514,12,10,442,774.38
15517,233,1,22,13.219999999999999
15518,64,5,37,51.89
15520,1,1,144,82.68
15521,40,8,121,286.94
15522,32,2,134,68.7
15523,84,1,1,2.08
15525,2,4,22,49.02
15526,33,1,8,6.64
15527,18,8,126,318.6
15528,254,1,39,70.67
15529,22,10,271,299.63
15530,149,3,22,56.8
15531,8,2,148,277.39
15532,25,4,51,149.54
15533,19,3,17,39.91
15535,173,3,8,55.5
15539,7,1,78,87.66
15540,11,1,72,28.080000000000002
15541,114,1,3,3.38
15543,288,1,15,7.7299999999999995
15544,9,8,249,268.0
15545,371,1,2,10.15
15547,7,13,284,504.28
15549,77,3,26,47.15
15550,106,3,42,86.19
15551,36,1,11,48.25
15552,217,1,5,16.25
15553,60,1,54,29.54
15555,12,17,403,395.76
15556,24,1,16,26.639999999999997
15557,28,1,24,50.400000000000006
15561,11,3,51,89.25
15563,22,4,88,59.230000000000004
15567,18,1,48,5.76
15568,44,2,28,15.08
15569,131,2,54,65.1
15570,36,7,98,190.74
15571,33,1,5,12.07
15572,25,5,65,129.65
15573,31,2,16,67.03999999999999
15574,177,2,35,88.26
15576,37,1,39,65.87
15577,151,2,23,76.55000000000001
15579,68,2,16,43.260000000000005
15581,156,5,17,68.99
15582,100,2,10,32.7
15584,23,4,34,69.91000000000001
15585,176,1,29,24.83
15587,50,2,72,182.16000000000003
15589,255,2,44,75.9
15592,46,1,30,37.94
15593,70,1,12,83.4
15594,15,4,32,84.44
15596,206,5,83,247.05
15597,35,1,12,15.0
15598,53,1,6,17.700000000000003
15599,26,2,100,96.64
15601,56,13,474,613.12
15602,8,6,210,201.69
15604,52,1,3,14.850000000000001
15605,36,3,42,81.9
15606,61,7,111,303.27
15607,336,1,24,4.5600000000000005
15608,60,2,77,125.51
15609,184,1,3,14.850000000000001
15610,51,1,6,17.34
15611,42,6,169,488.20000000000005
15612,36,1,1,15.0
15615,10,16,522,1074.49
15618,32,2,24,40.08
15620,56,3,50,104.48
15621,4,1,12,9.48
15622,3,8,180,307.41
15623,141,1,12,15.0
15624,135,3,81,79.17
15625,103,3,99,139.65
15626,74,1,16,10.4
15628,4,9,133,352.15000000000003
15630,45,2,38,48.24
15632,15,5,148,240.0
15634,17,1,36,45.0
15636,89,2,22,82.5
15637,52,1,64,55.720000000000006
15639,134,1,8,49.0
15640,4,13,640,1077.49
15641,105,4,110,168.3
15643,191,1,16,66.4
15644,166,4,56,82.53999999999999
15645,18,1,27,64.52000000000001
15646,157,3,64,33.71
15648,204,2,18,70.30000000000001
15651,36,2,28,35.04
15652,91,1,15,48.75
15653,92,1,576,414.71999999999997
15654,9,1,36,60.599999999999994
15655,233,2,17,38.75
15656,45,3,45,99.71
15658,197,4,15,109.15
15660,25,4,80,115.03999999999999
15664,50,1,15,47.46
15665,168,2,378,353.41999999999996
15667,39,1,48,18.72
15669,103,3,44,84.98
15670,296,1,8,10.0
15671,18,5,91,122.94
15673,88,4,192,383.16
15674,73,3,28,94.9
15676,9,4,204,286.73
15677,49,1,39,69.44999999999999
15678,52,1,20,41.6
15679,30,2,100,59.86
15680,9,3,59,81.17
15681,25,2,26,69.74000000000001
15683,117,1,3,14.850000000000001
15687,8,8,130,326.14000000000004
15689,361,1,12,15.0
15690,4,2,84,30.84
15694,8,6,130,426.7
15695,266,1,54,31.62
15696,33,6,101,214.55
15699,17,1,6,28.9
15700,173,1,13,22.28
15701,2,4,115,118.31
15703,264,1,12,23.4
15704,140,4,57,202.39
15706,75,2,47,127.95
15707,35,4,35,72.11
15708,40,7,99,271.23
15709,283,1,48,25.44
15712,9,3,15,45.65
15713,143,3,5,22.05
15714,11,2,15,29.15
15716,145,4,124,212.37
15717,234,1,12,25.200000000000003
15719,32,12,266,479.17
15720,24,1,34,69.31
15721,11,1,130,63.33
15722,35,5,80,145.45000000000002
15723,364,1,10,39.35
15724,284,1,12,23.4
15725,15,1,7,16.75
15727,16,7,360,423.24
15730,65,2,19,63.93
15732,212,1,10,20.8
15733,282,1,6,17.700000000000003
15734,114,1,16,126.34
15737,22,4,40,72.0
15738,43,9,294,525.22
15739,66,1,4,23.8
15743,37,3,11,30.05
15745,8,5,56,141.22
15746,134,1,21,49.85
15747,12,3,22,43.65
15748,40,1,8,24.7
15750,2,7,118,194.55
15752,39,7,183,176.85
15754,50,3,8,24.58
15755,74,5,116,165.76
15756,61,4,20,55.55
15757,65,2,12,53.400000000000006
15758,24,1,3,17.85
15759,358,1,4,17.0
15762,77,1,2,15.9
15763,31,2,31,116.78
15764,107,4,224,316.3
15766,64,1,12,15.0
15768,115,2,30,69.3
15769,7,10,2812,5160.6
15775,245,1,20,44.900000000000006
15776,133,1,12,7.4399999999999995
15777,241,2,15,2.400000000000002
15780,242,2,26,58.5
15782,89,1,44,221.0
15785,32,4,134,165.82
15786,46,3,329,378.32
15787,26,3,79,153.73
15789,358,1,12,5.04
15790,10,1,26,57.06
15791,43,2,44,75.94
15793,268,1,72,76.32000000000001
15795,149,1,10,20.8
15796,1,8,95,238.45
15799,75,2,25,51.17
15800,107,2,15,49.31
15801,57,2,38,102.30000000000001
15803,51,1,24,78.96000000000001
15804,0,10,248,461.81
15805,45,8,330,323.23
15806,276,1,48,25.68
15807,50,3,22,71.1
15808,306,5,147,376.35
15809,35,4,50,34.019999999999996
15810,78,5,59,90.80000000000001
15811,22,4,136,175.04
15812,151,4,147,546.6500000000001
15813,207,1,26,128.70000000000002
15814,16,4,72,213.39999999999998
15815,140,4,248,224.57999999999998
15819,49,4,113,208.69
15820,319,1,5,11.85
15821,44,2,15,57.25
15822,3,2,62,75.3
15823,337,1,-60,-126.36
15825,172,1,14,19.380000000000003
15826,56,3,172,223.96
15827,73,10,88,195.88
15829,99,2,144,87.36
15830,37,1,48,24.599999999999998
15831,58,2,140,129.7
15832,254,1,84,94.38
15834,70,3,114,255.32999999999998
15835,44,4,63,121.05000000000001
15836,50,1,7,24.45
15837,64,1,12,17.4
15838,11,7,564,1056.36
15839,33,3,94,133.54
15840,170,2,57,32.339999999999996
15841,72,4,120,249.56
15844,46,1,24,20.4
15845,17,7,215,320.17
15847,288,1,7,29.85
15850,19,2,8,11.34
15852,186,2,13,65.35
15853,51,1,16,13.77
15854,4,4,44,91.22
15855,136,4,43,55.230000000000004
15856,4,22,1073,1724.11
15857,18,1,48,40.8
15858,15,3,89,40.379999999999995
15860,98,5,13,63.980000000000004
15861,12,8,233,376.68
15862,8,4,37,78.45
15864,98,1,144,152.64000000000001
15865,88,2,77,87.92
15866,101,1,27,15.530000000000001
15867,5,15,231,375.22
15869,277,1,1,1.45
15870,32,1,19,15.29
15872,14,1,11,13.03
15874,63,7,222,382.1
15877,1,2,20,21.150000000000002
15880,369,1,37,55.88
15881,312,1,4,7.9
15883,2,2,35,100.89
15885,93,1,2,19.9
15886,60,1,6,29.700000000000003
15888,79,1,-8,-13.52
15889,156,2,4,15.95
15891,226,1,62,44.67
15894,369,1,40,26.22
15897,194,2,8,28.1
15898,1,4,63,102.79
15899,368,1,6,9.899999999999999
15900,23,1,36,21.18
15901,16,3,27,24.83
15903,26,5,308,612.24
15904,8,1,19,30.549999999999997
15906,19,5,37,192.15
15907,3,3,30,58.53
15909,173,1,12,19.799999999999997
15910,0,8,93,131.95
15916,16,8,109,127.43
15917,247,1,4,16.8
15918,190,2,18,47.3
15919,19,2,11,19.24
15920,154,2,5,11.75
15922,373,1,42,116.10000000000001
15923,372,1,7,7.65
15925,194,1,16,47.2
15930,67,1,28,81.60000000000001
15932,4,8,323,218.32999999999998
15933,21,3,108,117.11999999999999
15935,239,1,12,15.0
15937,64,1,6,17.700000000000003
15938,248,1,24,30.0
15939,134,6,600,723.0
15942,133,1,12,30.599999999999998
15944,276,1,4,15.8
15945,365,1,36,167.4
15947,82,1,42,60.900000000000006
15948,8,2,87,155.85
15949,71,1,12,35.400000000000006
15950,1,5,136,291.79
15951,1,3,62,172.97
15952,33,3,68,122.74000000000001
15953,25,5,134,277.40999999999997
15955,24,9,276,498.86
15957,31,1,36,62.14000000000001
15963,19,2,5,31.35
15965,28,2,36,82.1
15967,23,2,16,41.269999999999996
15969,49,2,26,72.9
15970,303,1,6,12.600000000000001
15971,52,4,150,304.4
15974,39,6,184,335.94
15975,84,1,28,59.0
15976,165,2,14,23.54
15977,17,2,294,150.14000000000001
15978,77,1,133,126.3
15980,88,3,114,249.77999999999997
15981,77,4,182,311.3
15983,22,4,96,149.02
15984,4,8,118,167.5
15985,236,1,24,55.68000000000001
15986,30,1,44,27.560000000000002
15987,12,3,27,53.03
15990,44,2,27,29.31
15992,3,1,1,14.95
15993,8,6,218,276.40999999999997
15994,54,1,10,27.6
15996,88,5,20,38.4
15998,36,6,111,188.8
16000,2,1,1240,2045.9999999999998
16003,29,3,76,115.22
16005,12,4,30,54.519999999999996
16006,211,1,8,33.2
16007,47,4,78,102.03
16008,23,2,27,25.549999999999997
16009,43,2,23,65.75
16010,245,3,40,71.64999999999999
16011,43,11,196,355.3
16012,35,3,35,152.75
16013,18,10,781,2601.66
16014,152,2,18,43.8
16015,3,3,193,146.91
16016,3,6,44,108.83
16017,47,1,11,31.15
16018,39,1,6,12.600000000000001
16019,1,7,68,298.7
16020,16,3,72,106.96
16022,260,1,40,73.0
16023,46,3,13,32.17
16024,12,1,27,20.830000000000002
16025,29,1,18,22.68
16026,43,1,37,36.25
16029,44,21,2622,13735.19
16030,309,1,5,18.75
16031,92,2,19,25.75
16033,5,19,371,867.5500000000001
16034,196,1,12,19.799999999999997
16036,87,2,27,47.59
16037,269,2,48,58.800000000000004
16038,7,2,42,63.3
16040,65,3,53,102.81
16042,22,5,151,172.09
16043,37,3,40,45.24
16045,119,4,98,93.65
16048,85,2,11,-7.71
16049,40,3,74,121.13
16050,173,1,60,18.0
16052,54,1,16,31.479999999999997
16053,32,2,642,147.35999999999999
16054,145,1,34,89.3
16055,220,1,2,15.9
16056,45,1,28,76.53
16057,16,5,120,243.48
16059,65,6,46,123.5
16062,133,2,61,25.62
16065,365,1,10,17.3
16066,16,4,54,146.28
16070,22,2,34,122.8
16071,44,1,30,52.5
16072,288,1,2,33.9
16076,53,5,96,147.02
16079,40,1,25,10.5
16081,56,4,59,131.65
16083,360,1,24,10.08
16084,299,1,20,48.0
16085,23,5,84,84.29
16086,59,3,76,141.78
16092,114,2,54,82.98
16094,11,4,57,79.75
16098,87,2,57,123.85
16099,137,2,26,66.9
16101,9,2,43,79.87
16102,128,1,12,20.28
16103,79,5,146,291.34000000000003
16104,61,1,2,1.9
16105,248,1,6,12.600000000000001
16107,42,3,118,266.82
16108,84,1,24,32.4
16109,218,1,36,42.36
16110,45,3,51,110.63
16112,143,1,8,10.0
16113,183,1,79,34.57
16114,170,1,12,30.300000000000004
16115,9,8,84,142.79
16116,211,1,17,44.95
16117,189,1,2,19.9
16119,8,2,34,62.10000000000001
16121,57,2,85,108.64
16122,112,2,28,45.0
16123,51,1,14,30.099999999999998
16124,317,1,4,45.8
16125,367,1,25,10.5
16126,29,3,145,685.95
16127,39,1,3,17.85
16128,36,4,66,113.0
16131,51,4,132,340.28000000000003
16133,3,22,797,1130.16
16134,21,2,28,23.479999999999997
16135,262,1,78,249.29999999999998
16136,59,2,48,20.16
16139,18,3,66,90.3
16140,65,1,40,48.0
16141,88,1,44,98.6
16142,249,1,14,27.2
16143,3,7,112,253.20000000000002
16145,40,10,430,632.36
16146,203,2,53,94.43
16147,133,1,45,59.7
16149,4,1,48,20.16
16150,42,5,104,207.68
16152,268,1,98,400.3
16153,49,4,251,345.51
16156,8,7,152,364.52000000000004
16157,15,2,155,187.17000000000002
16159,281,1,24,34.8
16160,85,1,426,240.6
16161,1,19,251,552.0
16164,24,3,57,68.63000000000001
16168,16,6,136,462.40000000000003
16169,29,3,74,109.86000000000001
16170,50,4,41,98.47
16172,95,4,68,85.7
16173,38,5,51,165.95
16174,151,1,19,45.45
16175,94,3,45,131.71
16177,50,1,2,19.9
16179,60,1,16,62.5
16180,100,8,553,977.08
16181,73,1,12,20.4
16182,130,2,300,523.0
16183,67,1,6,14.940000000000001
16184,64,3,60,101.75999999999999
16185,16,2,46,74.2
16186,22,10,239,414.09
16187,51,12,360,524.62
16188,44,2,36,55.08
16189,85,1,12,17.4
16190,40,1,16,27.04
16191,17,12,297,520.75
16193,236,1,67,44.01
16198,75,1,8,30.0
16200,4,2,22,81.41
16201,3,4,113,170.31
16202,360,1,20,25.0
16203,227,2,24,48.0
16204,23,1,32,54.2
16205,37,3,9,28.35
16206,54,4,31,44.9
16207,25,1,2,1.9
16208,44,2,7,36.89
16209,186,1,48,38.16
16210,1,10,1222,3949.8
16211,88,1,8,6.64
16212,19,2,25,67.95
16214,170,2,44,96.97999999999999
16215,80,1,22,49.5
16216,267,1,22,73.5
16217,235,2,15,40.050000000000004
16218,114,5,145,167.77
16221,36,3,29,43.7
16222,318,1,24,59.4
16224,57,4,117,196.07
16225,149,2,31,45.019999999999996
16229,87,2,14,53.8
16230,220,1,44,64.92
16232,143,2,22,64.5
16233,360,1,-4,-59.8
16235,40,2,30,64.5
16236,78,1,10,20.8
16239,166,2,24,-1.0000000000000036
16240,9,3,236,318.29
16241,9,11,155,249.5
16242,8,7,177,317.44
16243,33,1,8,27.05
16244,211,2,44,90.6
16245,23,2,44,83.0
16247,170,1,42,33.339999999999996
16248,61,1,12,24.96
16249,52,5,99,154.56
16250,261,1,3,17.85
16252,366,1,-18,-37.32
16253,66,2,198,348.26
16255,95,7,66,158.1
16256,257,2,132,151.32
16257,176,1,1,21.95
16258,45,4,92,267.0
16260,50,1,6,44.7
16261,17,4,22,68.9
16265,9,9,287,607.07
16266,136,2,52,57.0
16268,71,2,59,95.25
16270,353,1,72,55.56
16271,15,4,134,261.41
16272,116,1,30,62.400000000000006
16274,373,1,6,20.4
16275,196,1,1,12.5
16278,94,2,12,10.599999999999998
16279,21,4,107,131.15
16281,72,1,220,348.68
16282,339,1,37,38.55
16283,5,3,161,165.34
16284,31,2,25,43.85
16287,169,1,235,40.35
16292,117,2,11,15.95
16293,21,8,152,336.6
16295,9,2,98,73.56
16298,22,2,24,39.599999999999994
16302,126,1,40,39.92
16303,25,3,301,622.15
16305,138,1,12,10.2
16306,296,3,54,41.22
16309,91,2,11,5.050000000000001
16311,17,2,56,121.98
16313,3,2,18,31.499999999999996
16315,330,1,6,19.5
16316,64,6,263,283.32
16317,161,2,98,94.2
16318,35,1,36,23.400000000000002
16320,172,2,61,40.5
16321,72,2,30,88.5
16322,1,2,13,13.709999999999999
16324,128,2,36,70.7
16325,46,1,8,13.52
16326,5,10,87,349.76
16327,14,6,228,345.14
16330,17,3,1,3.3000000000000003
16332,28,7,62,147.31
16333,98,2,1896,2009.7600000000002
16338,157,1,10,20.8
16339,284,1,2,9.4
16340,107,1,50,70.41
16341,24,4,134,160.60000000000002
16342,107,3,46,99.2
16343,16,2,15,19.93
16345,44,1,20,50.61
16347,11,2,30,118.60000000000001
16348,32,5,78,149.3
16349,290,1,1,15.95
16350,64,4,36,69.89999999999999
16351,332,1,16,45.0
16352,17,1,24,34.8
16353,87,6,144,419.88
16354,73,1,21,49.05
16356,197,2,22,56.46000000000001
16357,33,2,14,61.7
16358,1,4,176,257.54
16359,176,4,77,102.9
16360,4,6,291,366.44
16361,9,4,47,96.85
16362,32,3,27,40.449999999999996
16364,11,2,24,92.96
16365,37,2,2,29.45
16366,18,1,24,89.60000000000001
16367,37,2,95,83.16
16368,2,2,22,34.78
16369,18,3,164,258.6
16370,82,4,78,111.94
16372,33,1,17,47.92
16374,66,2,17,26.15
16376,8,2,127,91.27
16379,18,2,48,84.6
16380,61,1,278,176.5
16383,74,2,18,39.5
16384,89,2,33,68.85
16385,60,3,13,38.0
16386,28,1,29,26.19
16389,205,1,58,133.29999999999998
16392,269,1,17,17.25
16393,2,13,180,365.75
16394,56,5,309,178.82999999999998
16395,60,5,149,122.59
16398,154,2,108,253.91
16399,19,2,6,17.93
16400,94,1,4,5.8
16401,14,10,226,210.14
16402,369,1,5,13.9
16404,70,1,16,20.0
16406,18,1,13,15.81
16407,12,7,133,238.05
16409,36,5,184,211.22
16411,19,2,24,38.55
16412,53,1,1,1.49
16413,56,1,23,47.65
16415,44,1,31,39.24
16416,26,3,96,85.02
16418,44,2,28,51.03
16419,112,3,6,35.3
16422,25,24,3157,3166.07
16423,24,1,46,77.34
16425,302,1,12,10.2
16426,2,8,127,174.0
16427,284,1,12,19.799999999999997
16431,213,3,46,81.91
16434,29,7,108,192.89999999999998
16438,26,4,29,56.58
16440,7,5,144,345.62
16441,67,2,10,24.9
16442,1,3,19,17.25
16444,46,4,81,111.33
16445,33,1,20,30.16
16447,135,1,4,29.299999999999997
16448,198,1,3,8.850000000000001
16449,197,2,30,87.0
16455,63,6,99,180.75
16456,99,5,149,270.53
16458,2,12,266,455.82
16460,72,2,79,43.34
16461,177,1,2,3.9
16462,73,1,8,68.0
16463,21,4,88,73.32
16464,19,3,91,133.67
16466,33,4,79,133.43
16469,23,4,24,63.54
16470,51,4,37,65.99
16473,164,2,7,22.35
16474,7,7,55,99.4
16475,273,1,18,32.7
16477,63,5,110,187.0
16478,65,1,36,15.12
16479,10,2,19,62.13
16480,75,1,35,77.42999999999999
16482,15,1,48,29.52
16483,192,1,12,32.1
16484,190,1,6,17.700000000000003
16485,77,1,14,16.5
16488,114,2,51,86.33
16491,46,1,53,52.5
16493,79,4,143,194.77
16494,296,1,128,146.24
16495,3,2,13,29.650000000000002
16496,8,3,162,161.48
16497,49,5,108,213.71
16498,162,1,7,9.05
16499,360,2,21,37.650000000000006
16503,106,4,76,139.04
16504,25,1,52,41.53
16509,296,1,6,29.700000000000003
16510,372,1,12,17.4
16511,21,3,35,89.65
16513,19,1,28,53.84
16515,91,4,34,91.68
16516,30,1,28,54.599999999999994
16518,284,1,68,105.0
16519,365,1,4,51.0
16520,186,2,10,22.599999999999998
16523,3,16,393,871.49
16525,37,11,1036,1392.66
16528,3,1,20,26.28
16529,190,1,31,50.550000000000004
16531,37,5,58,68.74
16533,19,3,36,64.44
16535,5,1,39,69.44999999999999
16536,110,1,15,36.61
16539,373,1,36,35.4
16542,53,1,18,53.1
16545,164,1,48,237.60000000000002
16546,372,1,88,165.60000000000002
16549,10,10,267,400.63
16550,108,5,108,150.88
16551,130,1,72,45.36
16553,163,6,628,459.96000000000004
16554,3,4,11,12.05
16555,35,2,16,48.0
16556,66,6,228,412.61
16557,24,1,2,13.9
16558,0,18,462,976.59
16560,26,2,46,73.25
16561,5,2,65,123.50999999999999
16563,53,1,10,44.7
16566,15,2,38,41.58
16567,194,2,66,81.7
16570,15,7,162,299.86
16571,26,4,105,114.73
16572,151,2,34,64.30000000000001
16573,84,2,25,47.99
16574,71,1,60,66.0
16581,155,1,-6,-17.700000000000003
16583,373,1,6,17.700000000000003
16584,80,2,30,72.5
16587,232,1,2,25.5
16589,71,2,18,32.7
16592,4,7,196,312.52
16593,189,1,3,11.45
16594,75,1,5,25.68
16595,61,1,85,56.879999999999995
16596,15,1,16,41.800000000000004
16600,4,3,80,46.919999999999995
16601,40,1,4,13.4
16602,36,1,36,61.8
16603,74,2,120,44.800000000000004
16607,17,10,249,310.36
16609,15,7,219,483.96
16612,32,4,71,123.31
16613,70,1,28,51.72
16614,182,1,12,24.96
16618,31,3,164,293.56
16619,263,1,12,17.4
16620,3,2,34,27.759999999999998
16621,51,3,33,108.95
16623,245,1,12,65.4
16624,80,2,69,71.71
16626,0,10,244,480.84000000000003
16627,79,1,23,76.59
16628,29,5,139,224.06
16629,73,2,104,30.95
16633,17,7,122,340.4
16637,32,4,150,147.72
16638,99,4,78,159.42000000000002
16639,31,2,42,56.10000000000001
16642,4,2,56,51.96
16643,245,1,4,15.8
16644,177,2,97,90.65
16647,204,1,4,15.0
16648,42,1,24,34.8
16650,71,1,24,30.0
16652,58,6,216,535.0600000000001
16653,71,1,104,115.35
16654,235,2,13,61.95
16655,17,6,206,323.98
16656,30,5,552,249.83999999999997
16657,9,4,79,53.660000000000004
16660,16,1,68,96.19999999999999
16666,19,1,7,5.67
16667,68,2,17,33.15
16668,116,1,12,9.959999999999999
16669,23,2,74,128.6
16670,16,9,221,367.46000000000004
16672,35,9,326,985.5
16674,54,2,11,28.05
16676,33,4,40,78.52
16678,10,10,161,241.41
16679,366,1,24,102.0
16680,43,1,2,17.0
16681,144,3,60,175.8
16682,4,3,92,76.2
16684,4,14,4954,7782.12
16685,61,1,82,38.74
16686,47,7,139,285.81
16688,43,2,78,82.44
16689,82,1,6,9.899999999999999
16692,256,1,150,1117.5
16693,68,2,26,130.1
16697,241,1,1,1.65
16700,8,13,443,590.4300000000001
16701,8,9,392,357.92
16705,11,14,650,1739.8
16706,37,3,29,69.99
16708,45,1,6,17.700000000000003
16709,84,4,66,247.4
16710,19,10,170,268.83
16711,140,2,72,338.4
16712,18,9,203,380.56
16713,18,14,407,627.9
16714,317,1,89,73.55
16717,23,6,165,252.15
16718,369,1,29,62.95
16719,14,6,124,176.13
16720,26,1,5,16.57
16721,262,1,20,30.2
16722,17,11,421,348.12
16723,107,1,5,34.68
16725,302,6,15,54.35
16726,26,4,96,113.09
16727,364,1,19,31.45
16728,46,4,129,143.38
16729,38,18,519,629.89
16730,52,3,48,39.239999999999995
16732,31,1,92,67.12
16734,52,2,81,144.81
16735,78,5,158,234.43
16742,46,1,-2,-7.5
16743,29,8,239,333.22
16744,11,7,63,117.41
16745,98,15,639,722.8100000000001
16746,4,15,544,649.55
16747,37,3,79,102.42999999999999
16748,37,3,50,91.8
16750,44,4,13,39.61
16752,372,1,12,10.2
16753,58,1,12,28.560000000000002
16755,114,3,118,163.31
16756,214,1,12,15.0
16758,65,1,42,69.3
16759,7,3,101,82.72
16762,19,1,22,52.699999999999996
16763,198,1,28,29.800000000000004
16764,3,14,159,358.74
16765,294,1,4,34.0
16766,273,2,40,114.0
16767,30,8,477,631.63
16768,103,2,3,13.55
16769,260,1,5,32.35
16770,57,4,66,66.69
16771,33,4,49,84.27
16773,57,1,62,30.900000000000002
16774,130,3,23,62.04999999999999
16775,57,7,39,122.15
16776,60,1,16,35.650000000000006
16777,80,2,7,15.58
16778,74,1,28,29.0
16779,2,18,541,989.24
16780,100,2,35,40.12
16781,372,1,1,14.95
16782,10,12,87,272.7
16788,123,2,30,79.45
16789,8,1,18,31.499999999999996
16790,3,6,29,76.65
16791,29,7,76,161.05
16792,282,1,1,3.75
16793,57,1,6,17.700000000000003
16794,1,8,59,98.61
16795,365,1,12,17.0
16796,89,1,12,9.959999999999999
16800,11,1,42,93.77
16801,163,5,54,110.15
16803,65,1,33,20.5
16804,23,2,17,80.85
16805,173,2,24,27.439999999999998
16806,103,3,35,103.22
16807,142,3,63,122.75
16808,274,1,7,16.05
16809,23,5,83,114.8
16810,192,1,18,39.900000000000006
16811,17,1,72,20.88
16812,360,1,20,206.2
16813,8,10,394,198.01999999999998
16814,14,16,259,579.12
16817,2,5,51,105.13
16818,10,9,197,310.91
16820,95,1,13,38.349999999999994
16823,227,1,15,32.75
16824,15,2,39,50.85
16825,185,1,18,70.6
16826,51,1,12,10.2
16828,112,1,4,13.0
16829,156,1,12,30.599999999999998
16830,38,1,32,41.150000000000006
16832,203,1,1,12.5
16833,1,3,43,123.35
16834,227,1,48,26.400000000000002
16835,128,2,12,36.7
16836,39,2,18,32.7
16837,31,6,134,189.57999999999998
16838,197,2,37,254.0
16839,35,16,486,1378.78
16841,36,6,304,184.66
16842,100,3,72,61.2
16843,42,11,673,666.87
16846,50,1,24,30.0
16849,186,1,14,28.82
16850,333,1,20,51.4
16852,10,2,26,21.560000000000002
16855,23,1,30,37.5
16859,106,3,97,117.28
16863,29,2,24,35.2
16866,140,1,2,1.7
16869,22,3,58,33.3
16871,22,2,64,189.20000000000002
16873,4,7,261,433.67
16875,64,6,112,199.54
16877,19,5,30,73.7
16880,30,6,49,144.27
16882,66,2,16,39.599999999999994
16883,187,2,19,33.15
16884,37,1,12,15.0
16885,15,3,14,41.339999999999996
16887,35,1,10,4.2
16889,194,3,64,77.31
16891,1,5,37,118.6
16892,1,5,18,18.14
16893,366,1,14,30.2
16895,64,1,7,16.76
16897,313,1,8,23.95
16898,26,4,-6,-11.779999999999998
16899,7,6,55,143.35
16900,63,1,51,50.97
16902,116,1,76,199.8
16903,29,1,31,45.58
16904,4,14,151,360.32
16905,5,6,107,268.23
16906,81,4,12,69.93
16907,29,5,17,59.73
16909,64,2,22,-4.92
16910,4,8,78,206.60999999999999
16912,67,7,96,212.4
16914,36,1,1,2.1
16916,23,2,58,44.38
16917,276,1,24,15.600000000000001
16918,63,3,59,139.47
16919,156,11,104,166.62
16921,61,1,37,17.990000000000002
16923,12,17,231,532.62
16924,21,3,53,129.31
16927,276,2,485,217.85
16928,86,12,167,230.65
16929,17,6,122,144.06
16930,26,2,12,7.8
16931,5,20,293,487.8
16932,53,1,5,8.82
16933,1,2,32,22.75
16934,54,2,43,92.73
16936,25,1,12,39.900000000000006
16938,180,2,100,154.15
16940,52,3,171,281.90999999999997
16942,12,7,99,185.03
16943,261,2,10,49.3
16945,31,13,232,404.57
16947,235,1,24,15.600000000000001
16948,138,3,261,109.65
16949,40,4,28,293.82
16950,56,3,74,162.35999999999999
16951,136,2,72,84.0
16952,109,1,44,60.44
16954,7,2,75,118.77000000000001
16955,184,1,22,52.7
16957,239,2,18,56.7
16959,87,1,3,12.75
16960,38,3,20,31.25
16961,116,1,14,52.5
16965,226,1,6,4.0600000000000005
16966,15,3,324,284.88
16967,189,1,24,38.4
16968,107,1,14,33.78
16969,39,2,7,32.7
16971,38,1,12,31.1
16976,267,1,16,175.2
16978,77,1,7,5.75
16979,3,6,144,226.04
16980,255,2,40,49.95
16982,60,1,30,62.7
16983,12,5,144,189.76
16984,88,2,255,523.8
16985,17,7,136,423.94
16987,3,6,62,235.05
16988,5,1,12,10.2
16989,150,1,200,110.00000000000001
16992,10,4,88,133.8
16996,353,1,16,27.04
16997,288,2,30,58.5
16998,149,1,-1,-0.48
16999,74,1,22,49.5
17001,0,11,239,410.65000000000003
17002,215,2,44,120.19999999999999
17006,4,3,26,58.3
17007,50,4,56,101.20000000000002
17010,16,1,-2,-9.9
17011,30,1,12,17.4
17014,8,3,43,106.87
17015,28,3,225,225.16
17017,9,15,719,940.93
17018,40,1,18,136.8
17019,11,4,84,125.2
17022,31,1,10,20.8
17026,369,1,12,10.2
17027,78,4,49,118.53
17031,11,2,40,66.0
17033,214,2,42,182.09999999999997
17034,16,3,124,268.2
17035,245,3,18,41.34
17037,87,1,34,55.599999999999994
17038,30,1,2,8.05
17040,137,1,6,9.899999999999999
17041,108,2,34,82.5
17042,2,5,101,114.45
17043,32,3,48,96.6
17044,25,1,48,180.0
17045,113,1,15,18.189999999999998
17046,157,1,56,64.8
17047,85,3,114,80.88
17048,117,2,58,95.19999999999999
17049,2,8,109,265.37
17050,96,6,168,317.11
17051,194,1,21,22.95
17052,28,1,42,35.9
17053,130,1,6,59.699999999999996
17054,137,4,73,156.25
17058,81,2,62,127.02
17059,29,5,264,338.02
17061,73,5,202,431.75
17062,313,4,23,45.1
17063,51,5,39,105.25
17064,58,3,39,76.85
17068,49,12,291,559.76
17069,28,8,167,268.68
17070,114,1,29,52.75
17071,28,7,133,335.15000000000003
17073,17,4,69,149.73
17075,17,4,27,72.82
17076,36,3,36,106.19999999999999
17078,36,2,87,83.44999999999999
17080,22,1,8,66.0
17081,25,2,6,15.86
17082,33,1,36,76.8
17083,109,3,72,154.16
17084,35,2,143,255.75
17085,123,4,94,205.07999999999998
17086,7,3,60,75.0
17088,72,3,77,175.59
17090,52,6,234,559.47
17091,2,6,205,359.05
17092,50,3,53,153.79000000000002
17094,322,1,22,22.7
17095,22,2,51,131.4
17096,15,4,50,165.5
17097,2,5,41,80.06
17100,18,1,54,105.6
17101,51,2,48,64.2
17105,159,2,41,68.68
17107,33,6,514,1322.93
17109,29,3,47,60.43
17111,47,1,21,25.5
17114,5,3,50,69.8
17115,8,2,18,57.2
17117,288,1,2,15.9
17119,3,2,26,43.86
17120,233,1,26,46.5
17122,119,1,12,19.799999999999997
17123,161,1,12,25.200000000000003
17124,185,1,17,27.47
17125,50,1,3,11.58
17126,152,5,54,62.97
17128,334,1,12,10.2
17131,5,4,72,229.9
17133,87,2,244,354.6
17135,16,5,196,141.04
17138,275,1,12,10.2
17139,15,12,425,899.7
17140,247,1,187,288.53
17142,239,1,6,17.700000000000003
17144,1,2,220,172.8
17146,263,2,27,60.45
17147,80,3,22,53.220000000000006
17152,194,1,1,2.1
17153,24,1,6,12.48
17154,75,1,60,36.12
17155,17,1,1,2.1
17157,7,2,30,87.3
17158,32,2,21,83.15
17159,21,3,112,153.8
17160,31,6,249,375.6
17162,28,4,45,128.29
17163,78,1,12,59.400000000000006
17164,32,5,78,196.0
17165,284,1,12,15.0
17166,38,1,6,22.5
17169,50,4,59,75.17
17171,289,1,12,15.0
17172,78,1,72,65.52
17173,5,5,114,344.28000000000003
17175,44,4,54,209.85000000000002
17179,178,3,31,100.85
17180,56,4,55,58.76
17181,57,2,75,82.17
17183,7,4,98,302.34000000000003
17187,226,1,12,30.599999999999998
17188,29,4,118,271.2
17189,106,2,26,42.08
17190,58,1,1,0.85
17191,28,6,56,94.36
17193,45,1,78,55.739999999999995
17194,360,1,2,15.7
17197,29,1,43,211.75
17198,23,3,9,49.91
17201,53,1,111,83.33
17203,35,5,169,192.83
17204,169,6,179,341.65000000000003
17205,53,1,200,72.0
17206,53,1,12,24.96
17211,26,7,75,132.09
17213,40,6,62,230.28
17214,85,4,21,68.55
17218,4,9,47,118.06
17219,31,1,5,6.29
17220,24,12,234,309.47
17221,7,2,79,89.9
17222,65,1,7,11.549999999999999
17223,310,1,1,2.1
17226,308,1,137,143.55
17227,70,3,26,29.0
17228,25,6,110,195.59
17229,142,1,9,15.149999999999999
17230,264,4,4,211.27999999999997
17231,12,10,168,307.94
17232,2,2,11,33.85
17233,35,1,5,10.31
17235,25,1,8,26.1
17236,12,6,30,55.54
17238,7,13,166,422.39
17239,312,2,2,12.3
17242,108,2,86,134.14
17243,1,23,347,969.0
17244,53,1,51,23.95
17247,15,1,22,72.32000000000001
17248,120,1,17,19.07
17250,3,2,28,67.25
17251,362,1,14,35.7
17252,186,1,10,20.099999999999998
17253,18,1,2,4.2
17254,4,2,12,24.439999999999998
17255,40,2,17,36.39
17259,148,2,19,43.900000000000006
17265,138,2,12,46.4
17266,2,3,11,20.64
17267,127,1,19,34.23
17272,46,3,118,116.1
17274,35,1,33,28.81
17277,227,2,51,68.14
17278,241,1,24,24.839999999999996
17282,173,2,122,183.87
17284,60,7,162,147.38
17286,21,1,2,5.050000000000001
17287,26,5,23,32.339999999999996
17288,9,3,104,169.1
17289,33,2,68,108.15
17290,3,2,28,35.370000000000005
17291,308,1,72,550.8000000000001
17293,8,7,173,211.25
17295,28,2,4,13.729999999999999
17297,17,1,5,23.35
17298,101,2,49,47.79
17299,11,2,36,60.599999999999994
17301,21,1,19,38.34
17302,14,5,71,90.53
17303,361,1,8,20.4
17306,99,3,156,253.20000000000002
17309,95,1,5,14.55
17311,78,2,120,107.82
17312,159,1,12,15.0
17313,31,1,120,149.51999999999998
17314,28,6,104,227.56
17315,1,25,313,465.22
17317,46,2,84,267.84
17320,100,2,22,104.3
17321,67,1,16,49.1
17323,15,8,70,111.12
17324,17,4,89,115.02
17325,280,1,20,29.0
17329,14,1,6,17.700000000000003
17331,123,1,16,175.2
17333,85,1,27,47.85
17334,308,1,12,25.200000000000003
17337,211,3,75,117.87
17338,17,9,297,629.8
17339,94,2,52,28.919999999999998
17340,29,11,622,1318.18
17341,156,3,29,50.15
17343,355,1,14,41.699999999999996
17344,46,1,2,6.7
17345,15,4,34,56.31
17346,3,15,170,211.61
17347,86,1,216,228.96
17348,14,5,163,120.36
17350,45,2,28,63.54
17351,169,1,3,2.55
17353,129,2,300,435.0
17354,50,1,172,177.15
17356,311,1,18,29.7
17357,24,1,24,69.36
17358,303,2,21,26.69
17359,11,1,1,1.25
17360,17,3,40,61.13
17362,239,2,19,16.77
17364,0,9,252,466.62
17365,12,7,590,543.36
17367,238,1,6,11.600000000000001
17368,23,7,134,169.53
17370,72,4,88,41.28
17371,17,1,8,18.65
17372,40,7,81,134.15
17373,71,2,39,50.29
17374,218,1,12,45.32
17375,190,4,28,21.98
17376,311,1,4,5.8
17377,23,16,139,462.99
17379,11,1,44,24.48
17381,66,7,3106,2165.04
17383,4,1,17,21.349999999999998
17384,19,1,4,8.32
17385,14,1,16,36.64
17386,7,2,182,185.14000000000001
17387,19,2,66,104.24000000000001
17388,131,1,1,9.95
17389,29,13,547,2970.17
17392,306,2,9,16.23
17397,22,2,14,42.07
17398,210,2,22,96.3
17400,126,4,128,231.66
17402,53,4,121,459.95
17403,36,1,8,13.2
17404,25,8,2229,2004.1399999999999
17405,1,3,94,91.17
17406,333,3,114,-58.910000000000004
17409,184,1,4,19.8
17410,37,3,27,48.69
17411,75,2,46,83.02000000000001
17412,2,6,104,236.5
17415,79,1,25,44.75
17416,29,6,373,574.39
17418,42,1,10,20.8
17419,22,7,122,319.18
17420,50,3,26,87.1
17422,16,7,237,175.95
17423,217,1,4,23.0
17425,60,1,6,31.5
17426,8,5,247,290.32
17428,64,16,533,1321.8500000000001
17429,120,4,46,59.06
17430,365,1,4,23.8
17431,313,1,54,64.2
17432,18,2,6,17.96
17433,88,1,12,22.259999999999998
17434,9,6,197,228.83
17436,1,1,6,15.299999999999999
17438,253,1,2,15.9
17440,156,1,36,30.599999999999998
17442,36,6,156,311.96
17444,151,2,160,249.65
17446,176,2,30,28.5
17447,71,1,26,42.599999999999994
17449,2,5,121,277.19
17450,8,19,5923,19988.94
17451,1,8,66,142.73999999999998
17453,17,2,45,84.89999999999999
17454,299,1,1,4.95
17456,365,1,12,10.2
17457,126,3,199,458.25
17458,15,1,16,39.6
17459,60,1,9,40.04
17460,268,1,6,17.700000000000003
17461,22,2,63,96.11
17462,60,2,14,61.5
17463,16,5,150,214.02
17466,10,2,18,52.78
17469,16,4,44,82.9
17470,44,5,98,85.22
17472,191,3,79,105.42
17475,79,1,6,12.600000000000001
17480,77,1,36,39.959999999999994
17481,15,3,33,92.03
17483,183,1,18,48.3
17486,261,1,16,36.8
17489,212,1,6,12.600000000000001
17490,0,7,125,204.17
17491,14,9,270,384.49
17496,358,1,1,19.95
17498,75,1,52,87.32
17499,289,1,60,45.12
17502,29,1,18,44.7
17503,2,2,96,122.4
17504,206,8,233,436.11
17505,161,2,41,148.35
17506,75,1,8,31.6
17507,261,2,51,97.51
17508,280,1,44,36.6
17509,57,8,321,592.99
17510,24,1,24,34.8
17511,2,36,6783,8141.55
17512,28,8,338,286.78000000000003
17513,72,1,48,199.20000000000002
17514,128,1,5,10.45
17515,31,4,28,74.1
17516,15,4,43,130.15
17517,308,1,12,7.800000000000001
17519,17,5,152,138.48
17520,53,1,17,72.79
17521,29,3,84,54.12
17522,1,3,204,99.9
17523,11,2,12,29.500000000000004
17525,359,1,8,63.6
17526,4,1,8,36.1
17527,53,2,44,96.2
17528,1,7,211,327.29
17530,1,8,150,217.75
17531,190,1,12,23.4
17535,280,1,4,15.0
17537,29,2,32,47.53
17540,24,1,4,17.0
17545,43,3,26,44.8
17548,217,1,-20,-33.0
17550,243,1,3,3.3499999999999996
17551,359,1,33,47.25
17552,71,1,28,44.2
17554,1,3,66,102.38
17555,19,2,36,65.46000000000001
17557,14,2,24,56.400000000000006
17561,19,1,8,6.26
17562,14,3,95,84.96000000000001
17564,24,3,13,34.55
17566,8,2,55,113.51
17567,57,6,249,530.66
17569,332,1,9,27.9
17571,50,3,68,125.85
17572,71,2,21,48.45
17573,29,2,9,35.550000000000004
17576,8,16,195,288.53
17579,4,3,32,62.400000000000006
17580,252,3,17,69.79
17581,0,18,550,945.56
17582,236,1,1,7.95
17584,7,2,30,76.5
17585,109,4,157,110.9
17588,100,2,84,267.4
17589,60,4,51,103.0
17590,2,3,93,218.35
17591,122,5,105,256.12
17593,3,5,203,239.43
17594,85,2,62,136.32
17595,12,2,14,33.59
17596,23,6,304,179.23000000000002
17597,213,1,334,194.22
17600,17,1,4,19.8
17601,239,1,7,11.999999999999998
17602,2,6,425,428.89
17603,50,3,-97,-547.17
17604,217,2,7,7.11
17608,33,1,30,18.36
17609,40,4,49,83.16
17611,30,11,240,329.27
17612,53,5,128,177.73
17613,22,12,318,640.16
17614,57,1,25,48.95
17615,203,1,2,15.9
17618,5,2,18,79.5
17619,312,1,16,29.2
17621,21,2,28,94.19999999999999
17623,32,1,8,41.6
17624,14,2,115,140.7
17625,18,4,106,283.51
17628,81,1,24,13.200000000000001
17629,5,5,66,160.15
17630,232,1,4,15.0
17631,1,2,16,45.2
17633,31,3,42,59.1
17634,36,8,72,231.91
17636,19,1,10,21.0
17637,115,1,32,58.760000000000005
17639,276,1,19,23.45
17642,176,1,10,20.8
17643,373,1,1,10.95
17644,1,9,155,241.19
17646,219,3,32,66.4
17647,65,1,12,24.96
17648,60,3,22,106.15
17649,138,1,9,32.550000000000004
17650,21,1,21,34.65
17651,11,9,425,406.32
17652,25,11,347,361.75
17653,29,3,148,63.28000000000001
17655,40,5,45,199.03
17656,73,2,42,42.78
17658,25,2,70,84.25999999999999
17659,17,7,265,342.33
17660,141,1,4,3.95
17663,25,3,60,153.96
17664,18,2,37,30.78
17666,65,1,98,123.41999999999999
17667,66,4,143,213.79
17668,1,1,5,52.74999999999999
17669,122,3,200,358.1
17671,157,4,42,-21.22
17672,50,3,143,155.1
17673,1,6,130,137.20000000000002
17674,74,2,48,28.44
17675,8,24,971,2278.75
17676,109,3,66,89.06
17677,1,17,996,1818.07
17678,263,1,24,30.0
17679,85,1,60,137.4
17680,23,1,8,16.8
17682,115,5,155,267.37
17684,43,1,12,19.799999999999997
17685,16,4,232,378.6
17686,7,6,184,573.2
17690,35,9,170,297.58
17691,358,2,12,47.400000000000006
17692,127,3,70,111.49999999999999
17693,137,1,60,35.879999999999995
17695,131,1,24,30.0
17696,38,5,64,130.4
17697,236,1,29,82.85
17700,16,5,182,385.88
17701,252,1,6,17.700000000000003
17702,30,4,82,68.44
17703,109,2,44,58.199999999999996
17704,168,1,8,33.2
17705,106,4,112,134.8
17706,4,11,413,910.72
17708,324,1,3,20.85
17709,169,1,2,16.5
17711,10,2,21,40.35
17712,44,1,18,36.7
17716,29,9,295,608.99
17719,37,11,138,406.96
17720,26,3,83,135.37
17722,96,4,240,283.51
17724,57,4,55,102.75
17725,16,11,187,324.43
17727,15,1,64,147.6
17728,3,3,139,275.49
17730,3,11,376,440.77000000000004
17731,79,4,39,89.25
17732,372,1,14,30.099999999999998
17734,53,3,42,111.48
17735,2,18,675,1053.9
17736,113,1,14,16.54
17737,9,2,15,29.85
17738,19,4,110,175.06
17739,360,1,24,81.36
17742,332,1,4,23.8
17744,3,4,112,117.28
17746,234,1,-1,-3.95
17749,178,2,28,48.4
17750,36,7,275,110.81
17754,0,4,225,264.26
17757,1,25,280,565.8100000000001
17758,19,7,172,260.91
17759,17,1,99,81.73
17760,21,1,1,2.25
17764,50,2,57,107.23
17765,158,3,20,44.36
17767,15,1,28,31.8
17768,8,3,156,207.96
17769,12,8,189,388.71
17770,212,3,15,96.55
17771,56,2,26,10.92
17772,10,1,7,47.379999999999995
17774,96,4,31,49.230000000000004
17777,24,3,31,46.99
17779,87,2,65,89.86999999999999
17781,159,1,7,13.09
17783,72,2,14,7.34
17786,85,2,6,6.27
17787,152,4,84,216.0
17789,281,1,12,35.400000000000006
17790,26,9,53,117.3
17791,29,1,13,18.25
17793,25,1,12,15.4
17795,264,1,10,16.5
17796,40,4,28,71.2
17797,22,2,27,45.36
17799,22,8,88,192.14000000000001
17800,49,6,98,144.95
17802,82,4,66,66.71
17805,73,1,1,2.49
17806,11,1,20,33.0
17809,16,4,174,244.39999999999998
17811,4,32,613,1126.3600000000001
17812,12,3,33,56.05
17813,14,6,95,119.49
17816,65,1,1,2.08
17817,277,1,1,2.55
17819,194,3,97,364.25
17824,51,1,24,30.0
17827,5,4,96,171.79999999999998
17828,8,5,63,546.66
17829,298,1,92,113.16
17830,1,2,10,51.2
17832,49,1,21,15.23
17835,2,2,7,13.27
17837,42,5,67,160.58
17838,26,5,56,165.1
17839,42,1,10,8.32
17841,1,127,1771,3547.05
17843,303,1,4,19.4
17848,128,4,102,183.42
17849,263,1,7,102.95
17850,302,13,120,273.72
17852,11,2,4,14.4
17854,227,1,2,9.9
17855,372,1,38,67.74000000000001
17856,1,2,164,478.92
17857,4,4,1001,3177.5
17858,5,9,264,525.47
17859,304,1,5,13.05
17860,368,1,17,18.23
17861,3,7,193,230.12
17862,323,1,24,90.0
17863,59,5,234,257.08
17864,89,2,44,32.4
17865,30,16,603,1172.69
17866,142,1,31,83.6
17867,30,1,15,23.43
17869,246,1,1,14.95
17870,2,9,132,143.4
17871,204,1,4,16.6
17873,240,2,49,63.67
17874,225,2,68,167.34
17877,170,1,2,11.9
17878,43,1,20,5.8
17879,173,1,28,130.51999999999998
17880,364,1,38,82.28
17883,3,4,31,52.34
17884,3,4,41,57.23
17885,12,1,11,23.79
17886,31,3,33,65.05
17887,129,1,8,55.199999999999996
17888,59,6,116,146.96
17889,212,2,3,3.8
17890,322,2,104,152.27
17891,162,1,24,10.08
17892,56,2,41,99.25
17893,225,1,37,15.54
17894,71,6,35,69.31
17895,44,1,51,27.63
17897,172,3,23,79.84
17898,85,2,16,29.2
17899,159,1,4,18.4
17901,29,1,4,20.77
17904,21,1,5,18.45
17905,352,2,11,17.75
17908,373,1,6,5.1
17911,9,1,70,75.25999999999999
17912,360,2,7,15.15
17913,58,2,10,17.0
17914,3,1,20,19.14
17917,45,3,20,26.1
17919,88,1,120,78.0
17920,4,14,187,299.13
17921,64,4,59,98.51
17924,31,2,7,70.6
17926,133,2,16,53.2
17928,246,1,6,6.6899999999999995
17930,35,3,116,303.48
17931,134,2,3,11.450000000000001
17932,29,3,56,110.9
17934,51,2,70,100.9
17935,138,2,14,18.03
17936,5,1,28,19.88
17937,8,5,348,633.84
17939,159,1,4,5.339999999999999
17940,128,3,1078,247.9
17946,233,1,17,15.649999999999999
17949,98,9,3365,7045.0599999999995
17950,72,3,35,48.18
17951,39,2,60,82.56
17954,5,11,161,175.37
17955,219,1,9,58.25
17957,66,1,50,9.64
17960,171,1,6,7.8999999999999995
17961,21,16,52,114.95
17962,142,1,6,4.54
17964,31,2,22,39.85
17965,59,13,179,249.89
17966,151,3,165,75.15
17967,371,1,2,3.35
17968,373,1,5,12.45
17969,166,1,14,37.5
17970,211,1,3,8.850000000000001
17972,241,1,3,16.75
17974,24,2,25,36.11
17975,15,12,169,524.66
17976,372,1,4,13.1
17977,29,1,53,43.11
17978,365,1,12,35.400000000000006
17979,35,3,44,54.5
17980,165,2,110,114.9
17984,145,1,6,6.99
17985,22,1,14,64.8
17988,11,5,6,61.260000000000005
17990,236,2,14,34.5
17994,189,2,35,22.5
17997,74,8,317,430.88
17999,37,2,28,71.94
18001,12,2,28,35.15
18004,362,1,6,9.19
18005,3,2,24,40.99
18006,23,1,1,2.55
18008,263,1,2,7.9
18009,235,1,19,61.36
18010,256,1,3,11.85
18011,373,1,2,5.9
18013,155,1,7,8.75
18014,28,1,2,3.33
18015,4,1,10,13.5
18016,32,3,116,156.24
18018,108,1,1,2.55
18022,35,1,17,44.33
18024,152,1,45,167.11
18027,98,1,2,6.35
18030,4,1,12,10.2
18033,65,1,10,13.4
18034,21,2,38,32.93
18035,35,3,130,131.29999999999998
18036,32,3,13,22.25
18037,362,1,2,3.9
18040,19,2,30,62.400000000000006
18041,11,14,395,375.0
18042,53,1,7,39.65
18043,24,3,25,78.67
18044,4,6,72,161.52
18045,45,1,19,31.71
18048,203,1,12,45.0
18053,70,1,18,25.5
18055,7,7,218,501.86
18056,288,1,24,20.4
18059,9,2,20,32.6
18061,107,4,35,101.99000000000001
18062,220,2,90,47.22
18064,235,1,80,204.0
18065,5,8,61,168.55
18066,75,1,32,60.0
18067,40,1,37,47.05
18068,289,1,6,101.69999999999999
18069,26,5,79,119.95
18071,257,2,60,75.0
18072,155,2,11,1.3199999999999994
18073,128,7,123,173.58
18074,373,1,40,102.0
18075,59,8,126,197.6
18077,8,9,161,240.39000000000001
18078,259,1,6,9.899999999999999
18079,45,3,785,311.2
18080,242,1,330,841.4999999999999
18081,133,1,5,28.55
18082,25,1,22,68.97
18084,301,1,-1,-2.95
18085,330,1,42,92.4
18086,274,1,30,29.58
18087,290,1,3906,3202.9199999999996
18088,61,1,13,13.37
18092,38,6,284,955.56
18093,93,4,268,290.6
18094,81,3,100,208.92000000000002
18095,312,2,20,55.2
18096,11,3,108,47.22
18097,7,4,117,206.04000000000002
18101,11,2,12,39.47
18102,0,28,7500,32671.28
18104,37,1,42,135.66
18105,37,1,2,4.05
18106,329,1,14,72.2
18108,254,1,4,17.0
18109,7,16,154,488.11
18110,19,2,0,-12.0
18112,12,1,8,48.7
18114,290,1,4,12.5
18116,67,8,46,116.05
18117,25,1,109,59.09
18118,10,25,206,482.51
18119,367,1,5,18.3
18120,214,1,2,11.7
18121,154,1,7,13.45
18122,8,6,122,151.95
18123,31,1,18,32.7
18125,29,4,73,136.76
18126,60,1,10,11.38
18127,19,3,50,41.28
18130,15,3,107,88.27000000000001
18135,190,1,6,9.7
18136,63,2,24,76.80000000000001
18139,17,5,318,404.04
18142,151,2,11,14.58
18143,116,2,80,127.9
18144,30,5,65,380.55
18145,12,4,175,260.89
18146,140,1,24,13.200000000000001
18147,45,1,24,39.599999999999994
18149,215,1,30,48.5
18150,32,2,42,55.2
18151,134,2,36,79.6
18154,43,1,24,20.4
18155,165,2,10,-1.700000000000001
18156,12,2,12,39.43
18158,9,2,30,37.8
18160,57,2,16,83.0
18161,15,4,72,171.78
18164,37,1,29,30.3
18167,23,3,56,195.60000000000002
18168,176,7,84,155.37
18169,60,1,6,24.900000000000002
18170,33,3,72,108.16
18171,158,3,23,58.650000000000006
18172,14,9,250,687.79
18173,199,1,10,59.5
18176,353,2,62,42.300000000000004
18177,157,4,62,119.1
18178,128,5,37,133.35
18179,53,4,46,83.1
18180,4,5,94,146.84
18181,24,1,26,41.06
18183,227,2,26,36.92
18188,15,3,150,246.78
18189,77,2,61,156.95000000000002
18190,330,1,6,17.700000000000003
18192,71,1,40,98.2
18193,165,1,6,17.700000000000003
18196,95,2,15,26.0
18198,4,11,498,867.48
18200,106,1,6,9.02
18202,199,2,75,185.59
18203,157,1,9,59.95
18204,71,3,85,139.13
18205,36,1,23,87.93
18209,28,1,3,17.85
18210,9,4,59,170.41
18211,43,4,80,94.19999999999999
18212,326,1,12,7.74
18213,236,1,38,60.1
18215,89,1,34,78.7
18216,31,1,52,76.52
18217,29,2,46,52.7
18218,267,1,-12,-10.2
18219,43,4,66,205.44
18220,219,2,142,150.14000000000001
18221,22,1,60,40.92
18222,92,1,3,14.850000000000001
18223,1,15,280,585.94
18225,3,14,302,390.8
18226,44,10,327,577.49
18228,56,2,74,213.54000000000002
18229,86,9,162,556.1
18230,9,4,78,198.18
18231,192,5,21,108.15
18232,192,2,21,47.550000000000004
18235,71,3,171,178.53
18236,129,1,6,29.700000000000003
18237,2,4,121,204.63
18239,218,3,38,58.5
18241,9,11,135,341.47
18242,72,2,52,155.4
18245,7,6,175,254.66
18248,122,2,11,43.35
18249,17,1,4,15.0
18252,50,2,44,58.09
18257,39,6,136,279.15999999999997
18259,24,2,48,174.60000000000002
18260,172,5,127,267.01
18261,43,1,12,19.799999999999997
18263,25,3,184,97.03999999999999
18265,158,1,11,48.45
18269,366,1,24,20.4
18272,2,5,140,248.54000000000002
18273,2,1,20,51.0
18274,17,2,4,42.48
18276,43,1,42,35.88
18278,73,1,16,25.2
18280,277,1,14,58.5
18281,180,1,1,16.95
18283,3,13,115,182.76
18287,58,2,102,117.9
